{
  "Packages": [
    {
      "Package": {
        "Id": "UiPath.Excel.Activities",
        "Version": "2.10.4"
      },
      "Assemblies": [
        "C:\\Users\\Karan\\.nuget\\packages\\closedxml/0.87.1\\lib/net40/ClosedXML.dll",
        "C:\\Users\\Karan\\.nuget\\packages\\csvhelper/16.0.0\\lib/net45/CsvHelper.dll",
        "C:\\Users\\Karan\\.nuget\\packages\\documentformat.openxml/2.5.0\\lib/DocumentFormat.OpenXml.dll",
        "C:\\Users\\Karan\\.nuget\\packages\\microsoft.visualstudio.ole.interop/16.7.30328.74\\lib/net45/Microsoft.VisualStudio.OLE.Interop.dll",
        "C:\\Users\\Karan\\.nuget\\packages\\npoi/2.4.1\\lib/net45/NPOI.OOXML.dll",
        "C:\\Users\\Karan\\.nuget\\packages\\npoi/2.4.1\\lib/net45/NPOI.OpenXml4Net.dll",
        "C:\\Users\\Karan\\.nuget\\packages\\npoi/2.4.1\\lib/net45/NPOI.OpenXmlFormats.dll",
        "C:\\Users\\Karan\\.nuget\\packages\\npoi/2.4.1\\lib/net45/NPOI.dll",
        "C:\\Users\\Karan\\.nuget\\packages\\sharpziplib/1.2.0\\lib/net45/ICSharpCode.SharpZipLib.dll",
        "C:\\Users\\Karan\\.nuget\\packages\\system.valuetuple/4.5.0\\lib/net461/System.ValueTuple.dll",
        "C:\\Users\\Karan\\.nuget\\packages\\uipath.excel.activities/2.10.4\\lib/net461/UiPath.Excel.Activities.Design.dll",
        "C:\\Users\\Karan\\.nuget\\packages\\uipath.excel.activities/2.10.4\\lib/net461/UiPath.Excel.Activities.Package.dll",
        "C:\\Users\\Karan\\.nuget\\packages\\uipath.excel.activities/2.10.4\\lib/net461/UiPath.Excel.Activities.dll",
        "C:\\Users\\Karan\\.nuget\\packages\\uipath.excel.activities/2.10.4\\lib/net461/UiPath.Excel.dll"
      ],
      "Path": "C:\\Users\\Karan\\.nuget\\packages\\uipath.excel.activities\\2.10.4"
    },
    {
      "Package": {
        "Id": "UiPath.Mail.Activities",
        "Version": "1.10.5"
      },
      "Assemblies": [
        "C:\\Users\\Karan\\.nuget\\packages\\google.apis/1.43.0\\lib/net45/Google.Apis.PlatformServices.dll",
        "C:\\Users\\Karan\\.nuget\\packages\\google.apis/1.43.0\\lib/net45/Google.Apis.dll",
        "C:\\Users\\Karan\\.nuget\\packages\\google.apis.auth/1.43.0\\lib/net45/Google.Apis.Auth.PlatformServices.dll",
        "C:\\Users\\Karan\\.nuget\\packages\\google.apis.auth/1.43.0\\lib/net45/Google.Apis.Auth.dll",
        "C:\\Users\\Karan\\.nuget\\packages\\google.apis.calendar.v3/1.43.0.1872\\lib/net45/Google.Apis.Calendar.v3.dll",
        "C:\\Users\\Karan\\.nuget\\packages\\google.apis.core/1.43.0\\lib/net45/Google.Apis.Core.dll",
        "C:\\Users\\Karan\\.nuget\\packages\\google.apis.gmail.v1/1.43.0.1859\\lib/net45/Google.Apis.Gmail.v1.dll",
        "C:\\Users\\Karan\\.nuget\\packages\\google.apis.peopleservice.v1/1.43.0.1876\\lib/net45/Google.Apis.PeopleService.v1.dll",
        "C:\\Users\\Karan\\.nuget\\packages\\mailkit/2.10.0\\lib/net46/MailKit.dll",
        "C:\\Users\\Karan\\.nuget\\packages\\microsoft.exchange.webservices/2.2.0\\lib/40/Microsoft.Exchange.WebServices.Auth.dll",
        "C:\\Users\\Karan\\.nuget\\packages\\microsoft.exchange.webservices/2.2.0\\lib/40/Microsoft.Exchange.WebServices.dll",
        "C:\\Users\\Karan\\.nuget\\packages\\microsoft.extensions.filesystemglobbing/5.0.0\\lib/net461/Microsoft.Extensions.FileSystemGlobbing.dll",
        "C:\\Users\\Karan\\.nuget\\packages\\microsoft.identity.client/4.14.0\\lib/net45/Microsoft.Identity.Client.dll",
        "C:\\Users\\Karan\\.nuget\\packages\\mimekit/2.10.0\\lib/net46/MimeKit.dll",
        "C:\\Users\\Karan\\.nuget\\packages\\newtonsoft.json/12.0.3\\lib/net45/Newtonsoft.Json.dll",
        "C:\\Users\\Karan\\.nuget\\packages\\portable.bouncycastle/1.8.8\\lib/net40/BouncyCastle.Crypto.dll",
        "C:\\Users\\Karan\\.nuget\\packages\\system.buffers/4.5.1\\lib/net461/System.Buffers.dll",
        "C:\\Users\\Karan\\.nuget\\packages\\system.valuetuple/4.5.0\\lib/net461/System.ValueTuple.dll",
        "C:\\Users\\Karan\\.nuget\\packages\\uipath.mail.activities/1.10.5\\lib/net461/UiPath.Mail.Activities.Design.dll",
        "C:\\Users\\Karan\\.nuget\\packages\\uipath.mail.activities/1.10.5\\lib/net461/UiPath.Mail.Activities.Package.dll",
        "C:\\Users\\Karan\\.nuget\\packages\\uipath.mail.activities/1.10.5\\lib/net461/UiPath.Mail.Activities.dll",
        "C:\\Users\\Karan\\.nuget\\packages\\uipath.mail.activities/1.10.5\\lib/net461/UiPath.Mail.dll"
      ],
      "Path": "C:\\Users\\Karan\\.nuget\\packages\\uipath.mail.activities\\1.10.5"
    },
    {
      "Package": {
        "Id": "UiPath.MobileAutomation.Activities",
        "Version": "21.8.0-preview"
      },
      "Assemblies": [
        "C:\\Users\\Karan\\.nuget\\packages\\avalonedit/6.1.0-preview1\\lib/net45/ICSharpCode.AvalonEdit.dll",
        "C:\\Users\\Karan\\.nuget\\packages\\castle.core/4.4.0\\lib/net45/Castle.Core.dll",
        "C:\\Users\\Karan\\.nuget\\packages\\dotnetseleniumextras.pageobjects/3.11.0\\lib/net45/SeleniumExtras.PageObjects.dll",
        "C:\\Users\\Karan\\.nuget\\packages\\litedb/4.1.4\\lib/net40/LiteDB.dll",
        "C:\\Users\\Karan\\.nuget\\packages\\microsoft.bcl.asyncinterfaces/5.0.0\\lib/net461/Microsoft.Bcl.AsyncInterfaces.dll",
        "C:\\Users\\Karan\\.nuget\\packages\\microsoft.extensions.dependencyinjection/5.0.0\\lib/net461/Microsoft.Extensions.DependencyInjection.dll",
        "C:\\Users\\Karan\\.nuget\\packages\\microsoft.extensions.dependencyinjection.abstractions/5.0.0\\lib/net461/Microsoft.Extensions.DependencyInjection.Abstractions.dll",
        "C:\\Users\\Karan\\.nuget\\packages\\microsoft.extensions.logging.abstractions/5.0.0\\lib/net461/Microsoft.Extensions.Logging.Abstractions.dll",
        "C:\\Users\\Karan\\.nuget\\packages\\newtonsoft.json/12.0.3\\lib/net45/Newtonsoft.Json.dll",
        "C:\\Users\\Karan\\.nuget\\packages\\nito.asyncex.context/5.1.0\\lib/netstandard2.0/Nito.AsyncEx.Context.dll",
        "C:\\Users\\Karan\\.nuget\\packages\\nito.asyncex.coordination/5.1.0\\lib/netstandard2.0/Nito.AsyncEx.Coordination.dll",
        "C:\\Users\\Karan\\.nuget\\packages\\nito.asyncex.interop.waithandles/5.1.0\\lib/netstandard2.0/Nito.AsyncEx.Interop.WaitHandles.dll",
        "C:\\Users\\Karan\\.nuget\\packages\\nito.asyncex.oop/5.1.0\\lib/netstandard2.0/Nito.AsyncEx.Oop.dll",
        "C:\\Users\\Karan\\.nuget\\packages\\nito.asyncex.tasks/5.1.0\\lib/netstandard2.0/Nito.AsyncEx.Tasks.dll",
        "C:\\Users\\Karan\\.nuget\\packages\\nito.cancellation/1.1.0\\lib/netstandard2.0/Nito.Cancellation.dll",
        "C:\\Users\\Karan\\.nuget\\packages\\nito.collections.deque/1.1.0\\lib/netstandard2.0/Nito.Collections.Deque.dll",
        "C:\\Users\\Karan\\.nuget\\packages\\nito.disposables/2.2.0\\lib/net461/Nito.Disposables.dll",
        "C:\\Users\\Karan\\.nuget\\packages\\prism.core/7.2.0.1422\\lib/net45/Prism.dll",
        "C:\\Users\\Karan\\.nuget\\packages\\selenium.support/3.141.0\\lib/net45/WebDriver.Support.dll",
        "C:\\Users\\Karan\\.nuget\\packages\\selenium.webdriver/3.141.0\\lib/net45/WebDriver.dll",
        "C:\\Users\\Karan\\.nuget\\packages\\system.buffers/4.5.1\\lib/net461/System.Buffers.dll",
        "C:\\Users\\Karan\\.nuget\\packages\\system.collections.immutable/5.0.0\\lib/net461/System.Collections.Immutable.dll",
        "C:\\Users\\Karan\\.nuget\\packages\\system.io.abstractions/3.0.10\\lib/net40/System.IO.Abstractions.dll",
        "C:\\Users\\Karan\\.nuget\\packages\\system.io.pipes.accesscontrol/5.0.0\\runtimes/win/lib/net461/System.IO.Pipes.AccessControl.dll",
        "C:\\Users\\Karan\\.nuget\\packages\\system.memory/4.5.4\\lib/net461/System.Memory.dll",
        "C:\\Users\\Karan\\.nuget\\packages\\system.numerics.vectors/4.5.0\\lib/net46/System.Numerics.Vectors.dll",
        "C:\\Users\\Karan\\.nuget\\packages\\system.reflection.dispatchproxy/4.7.1\\lib/net461/System.Reflection.DispatchProxy.dll",
        "C:\\Users\\Karan\\.nuget\\packages\\system.runtime.compilerservices.unsafe/4.7.1\\lib/net461/System.Runtime.CompilerServices.Unsafe.dll",
        "C:\\Users\\Karan\\.nuget\\packages\\system.security.accesscontrol/5.0.0\\runtimes/win/lib/net461/System.Security.AccessControl.dll",
        "C:\\Users\\Karan\\.nuget\\packages\\system.security.principal.windows/5.0.0\\runtimes/win/lib/net461/System.Security.Principal.Windows.dll",
        "C:\\Users\\Karan\\.nuget\\packages\\system.threading.tasks.dataflow/5.0.0\\lib/net461/System.Threading.Tasks.Dataflow.dll",
        "C:\\Users\\Karan\\.nuget\\packages\\system.threading.tasks.extensions/4.5.4\\lib/net461/System.Threading.Tasks.Extensions.dll",
        "C:\\Users\\Karan\\.nuget\\packages\\system.valuetuple/4.5.0\\lib/net461/System.ValueTuple.dll",
        "C:\\Users\\Karan\\.nuget\\packages\\uipath/21.8.27.26297-preview\\lib/net45/System.Runtime.CompilerServices.Unsafe.dll",
        "C:\\Users\\Karan\\.nuget\\packages\\uipath/21.8.27.26297-preview\\lib/net45/System.Threading.Tasks.Extensions.dll",
        "C:\\Users\\Karan\\.nuget\\packages\\uipath/21.8.27.26297-preview\\lib/net45/UiPath.Interop.dll",
        "C:\\Users\\Karan\\.nuget\\packages\\uipath.imageprocessing/21.8.0-preview\\lib/net461/UiPath.ImageProcessingInterop.dll",
        "C:\\Users\\Karan\\.nuget\\packages\\uipath.mobileautomation.activities/21.8.0-preview\\lib/net461/Appium.Net.dll",
        "C:\\Users\\Karan\\.nuget\\packages\\uipath.mobileautomation.activities/21.8.0-preview\\lib/net461/MapControl.WPF.dll",
        "C:\\Users\\Karan\\.nuget\\packages\\uipath.mobileautomation.activities/21.8.0-preview\\lib/net461/UiPath.MobileAutomation.Activities.Design.dll",
        "C:\\Users\\Karan\\.nuget\\packages\\uipath.mobileautomation.activities/21.8.0-preview\\lib/net461/UiPath.MobileAutomation.Activities.dll",
        "C:\\Users\\Karan\\.nuget\\packages\\uipath.mobileautomation.activities/21.8.0-preview\\lib/net461/UiPath.MobileAutomation.Runtime.dll",
        "C:\\Users\\Karan\\.nuget\\packages\\uipath.mobileautomation.activities/21.8.0-preview\\lib/net461/UiPath.MobileAutomation.dll",
        "C:\\Users\\Karan\\.nuget\\packages\\uipath.ocr.contracts/2.9.0-preview\\lib/net461/UiPath.OCR.Contracts.dll",
        "C:\\Users\\Karan\\.nuget\\packages\\uipath.platform/21.8.0-preview\\lib/net461/UiPath.Platform.dll",
        "C:\\Users\\Karan\\.nuget\\packages\\uipath.telemetry.client/1.3.18\\lib/net461/TelemetryClient.dll"
      ],
      "Path": "C:\\Users\\Karan\\.nuget\\packages\\uipath.mobileautomation.activities\\21.8.0-preview"
    },
    {
      "Package": {
        "Id": "UiPath.System.Activities",
        "Version": "21.4.1"
      },
      "Assemblies": [
        "C:\\Users\\Karan\\.nuget\\packages\\csvhelper/16.0.0\\lib/net45/CsvHelper.dll",
        "C:\\Users\\Karan\\.nuget\\packages\\microsoft.aspnet.signalr.client/2.4.0\\lib/net45/Microsoft.AspNet.SignalR.Client.dll",
        "C:\\Users\\Karan\\.nuget\\packages\\microsoft.aspnetcore.connections.abstractions/3.1.6\\lib/netstandard2.0/Microsoft.AspNetCore.Connections.Abstractions.dll",
        "C:\\Users\\Karan\\.nuget\\packages\\microsoft.aspnetcore.http.connections.client/3.1.6\\lib/netstandard2.0/Microsoft.AspNetCore.Http.Connections.Client.dll",
        "C:\\Users\\Karan\\.nuget\\packages\\microsoft.aspnetcore.http.connections.common/3.1.6\\lib/netstandard2.0/Microsoft.AspNetCore.Http.Connections.Common.dll",
        "C:\\Users\\Karan\\.nuget\\packages\\microsoft.aspnetcore.http.features/3.1.6\\lib/netstandard2.0/Microsoft.AspNetCore.Http.Features.dll",
        "C:\\Users\\Karan\\.nuget\\packages\\microsoft.aspnetcore.signalr.client/3.1.6\\lib/netstandard2.0/Microsoft.AspNetCore.SignalR.Client.dll",
        "C:\\Users\\Karan\\.nuget\\packages\\microsoft.aspnetcore.signalr.client.core/3.1.6\\lib/netstandard2.0/Microsoft.AspNetCore.SignalR.Client.Core.dll",
        "C:\\Users\\Karan\\.nuget\\packages\\microsoft.aspnetcore.signalr.common/3.1.6\\lib/netstandard2.0/Microsoft.AspNetCore.SignalR.Common.dll",
        "C:\\Users\\Karan\\.nuget\\packages\\microsoft.aspnetcore.signalr.protocols.json/3.1.6\\lib/netstandard2.0/Microsoft.AspNetCore.SignalR.Protocols.Json.dll",
        "C:\\Users\\Karan\\.nuget\\packages\\microsoft.bcl.asyncinterfaces/5.0.0\\lib/net461/Microsoft.Bcl.AsyncInterfaces.dll",
        "C:\\Users\\Karan\\.nuget\\packages\\microsoft.extensions.configuration/3.1.6\\lib/netstandard2.0/Microsoft.Extensions.Configuration.dll",
        "C:\\Users\\Karan\\.nuget\\packages\\microsoft.extensions.configuration.abstractions/3.1.6\\lib/netstandard2.0/Microsoft.Extensions.Configuration.Abstractions.dll",
        "C:\\Users\\Karan\\.nuget\\packages\\microsoft.extensions.configuration.binder/3.1.6\\lib/netstandard2.0/Microsoft.Extensions.Configuration.Binder.dll",
        "C:\\Users\\Karan\\.nuget\\packages\\microsoft.extensions.dependencyinjection/5.0.0\\lib/net461/Microsoft.Extensions.DependencyInjection.dll",
        "C:\\Users\\Karan\\.nuget\\packages\\microsoft.extensions.dependencyinjection.abstractions/5.0.0\\lib/net461/Microsoft.Extensions.DependencyInjection.Abstractions.dll",
        "C:\\Users\\Karan\\.nuget\\packages\\microsoft.extensions.logging/3.1.6\\lib/netstandard2.0/Microsoft.Extensions.Logging.dll",
        "C:\\Users\\Karan\\.nuget\\packages\\microsoft.extensions.logging.abstractions/5.0.0\\lib/net461/Microsoft.Extensions.Logging.Abstractions.dll",
        "C:\\Users\\Karan\\.nuget\\packages\\microsoft.extensions.options/3.1.6\\lib/netstandard2.0/Microsoft.Extensions.Options.dll",
        "C:\\Users\\Karan\\.nuget\\packages\\microsoft.extensions.primitives/3.1.6\\lib/netstandard2.0/Microsoft.Extensions.Primitives.dll",
        "C:\\Users\\Karan\\.nuget\\packages\\microsoft.rest.clientruntime/2.3.21\\lib/net461/Microsoft.Rest.ClientRuntime.dll",
        "C:\\Users\\Karan\\.nuget\\packages\\newtonsoft.json/12.0.3\\lib/net45/Newtonsoft.Json.dll",
        "C:\\Users\\Karan\\.nuget\\packages\\sharpziplib/1.2.0\\lib/net45/ICSharpCode.SharpZipLib.dll",
        "C:\\Users\\Karan\\.nuget\\packages\\system.buffers/4.5.1\\lib/net461/System.Buffers.dll",
        "C:\\Users\\Karan\\.nuget\\packages\\system.componentmodel.annotations/4.7.0\\lib/net461/System.ComponentModel.Annotations.dll",
        "C:\\Users\\Karan\\.nuget\\packages\\system.io.abstractions/3.0.10\\lib/net40/System.IO.Abstractions.dll",
        "C:\\Users\\Karan\\.nuget\\packages\\system.io.pipelines/4.7.1\\lib/netstandard2.0/System.IO.Pipelines.dll",
        "C:\\Users\\Karan\\.nuget\\packages\\system.management.automation/6.1.7601.17515\\lib/net45/System.Management.Automation.dll",
        "C:\\Users\\Karan\\.nuget\\packages\\system.memory/4.5.4\\lib/net461/System.Memory.dll",
        "C:\\Users\\Karan\\.nuget\\packages\\system.numerics.vectors/4.5.0\\lib/net46/System.Numerics.Vectors.dll",
        "C:\\Users\\Karan\\.nuget\\packages\\system.runtime.compilerservices.unsafe/4.7.1\\lib/net461/System.Runtime.CompilerServices.Unsafe.dll",
        "C:\\Users\\Karan\\.nuget\\packages\\system.text.encodings.web/4.7.1\\lib/net461/System.Text.Encodings.Web.dll",
        "C:\\Users\\Karan\\.nuget\\packages\\system.text.json/4.7.2\\lib/net461/System.Text.Json.dll",
        "C:\\Users\\Karan\\.nuget\\packages\\system.threading.channels/4.7.1\\lib/net461/System.Threading.Channels.dll",
        "C:\\Users\\Karan\\.nuget\\packages\\system.threading.tasks.dataflow/5.0.0\\lib/net461/System.Threading.Tasks.Dataflow.dll",
        "C:\\Users\\Karan\\.nuget\\packages\\system.threading.tasks.extensions/4.5.4\\lib/net461/System.Threading.Tasks.Extensions.dll",
        "C:\\Users\\Karan\\.nuget\\packages\\system.valuetuple/4.5.0\\lib/net461/System.ValueTuple.dll",
        "C:\\Users\\Karan\\.nuget\\packages\\uipath.platform/21.8.0-preview\\lib/net461/UiPath.Platform.dll",
        "C:\\Users\\Karan\\.nuget\\packages\\uipath.system.activities/21.4.1\\lib/net461/UiPath.OrchestratorClient.dll",
        "C:\\Users\\Karan\\.nuget\\packages\\uipath.system.activities/21.4.1\\lib/net461/UiPath.System.Activities.Design.dll",
        "C:\\Users\\Karan\\.nuget\\packages\\uipath.system.activities/21.4.1\\lib/net461/UiPath.System.Activities.dll",
        "C:\\Users\\Karan\\.nuget\\packages\\uipath.telemetry.client/1.3.18\\lib/net461/TelemetryClient.dll"
      ],
      "Path": "C:\\Users\\Karan\\.nuget\\packages\\uipath.system.activities\\21.4.1"
    },
    {
      "Package": {
        "Id": "UiPath.UIAutomation.Activities",
        "Version": "21.4.4"
      },
      "Assemblies": [
        "C:\\Users\\Karan\\.nuget\\packages\\newtonsoft.json/12.0.3\\lib/net45/Newtonsoft.Json.dll",
        "C:\\Users\\Karan\\.nuget\\packages\\system.io.abstractions/3.0.10\\lib/net40/System.IO.Abstractions.dll",
        "C:\\Users\\Karan\\.nuget\\packages\\system.threading.tasks.dataflow/5.0.0\\lib/net461/System.Threading.Tasks.Dataflow.dll",
        "C:\\Users\\Karan\\.nuget\\packages\\system.valuetuple/4.5.0\\lib/net461/System.ValueTuple.dll",
        "C:\\Users\\Karan\\.nuget\\packages\\uipath/21.8.27.26297-preview\\lib/net45/System.Runtime.CompilerServices.Unsafe.dll",
        "C:\\Users\\Karan\\.nuget\\packages\\uipath/21.8.27.26297-preview\\lib/net45/System.Threading.Tasks.Extensions.dll",
        "C:\\Users\\Karan\\.nuget\\packages\\uipath/21.8.27.26297-preview\\lib/net45/UiPath.Interop.dll",
        "C:\\Users\\Karan\\.nuget\\packages\\uipath.ocr.activities/3.0.0\\lib/net461/UiPath.OCR.Activities.Design.dll",
        "C:\\Users\\Karan\\.nuget\\packages\\uipath.ocr.activities/3.0.0\\lib/net461/UiPath.OCR.Activities.dll",
        "C:\\Users\\Karan\\.nuget\\packages\\uipath.ocr.activities/3.0.0\\lib/net461/UiPath.OCR.Core.dll",
        "C:\\Users\\Karan\\.nuget\\packages\\uipath.ocr.contracts/2.9.0-preview\\lib/net461/UiPath.OCR.Contracts.dll",
        "C:\\Users\\Karan\\.nuget\\packages\\uipath.platform/21.8.0-preview\\lib/net461/UiPath.Platform.dll",
        "C:\\Users\\Karan\\.nuget\\packages\\uipath.telemetry.client/1.3.18\\lib/net461/TelemetryClient.dll",
        "C:\\Users\\Karan\\.nuget\\packages\\uipath.uiautomation.activities/21.4.4\\lib/net461/UiPath.CV.Activities.Design.dll",
        "C:\\Users\\Karan\\.nuget\\packages\\uipath.uiautomation.activities/21.4.4\\lib/net461/UiPath.CV.Activities.dll",
        "C:\\Users\\Karan\\.nuget\\packages\\uipath.uiautomation.activities/21.4.4\\lib/net461/UiPath.CV.dll",
        "C:\\Users\\Karan\\.nuget\\packages\\uipath.uiautomation.activities/21.4.4\\lib/net461/UiPath.UIAutomation.Activities.Design.dll",
        "C:\\Users\\Karan\\.nuget\\packages\\uipath.uiautomation.activities/21.4.4\\lib/net461/UiPath.UIAutomation.Activities.Package.dll",
        "C:\\Users\\Karan\\.nuget\\packages\\uipath.uiautomation.activities/21.4.4\\lib/net461/UiPath.UIAutomationCore.dll",
        "C:\\Users\\Karan\\.nuget\\packages\\uipath.uiautomation.activities/21.4.4\\lib/net461/UiPath.UIAutomationNext.Activities.Design.dll",
        "C:\\Users\\Karan\\.nuget\\packages\\uipath.uiautomation.activities/21.4.4\\lib/net461/UiPath.UIAutomationNext.Activities.dll",
        "C:\\Users\\Karan\\.nuget\\packages\\uipath.uiautomation.activities/21.4.4\\lib/net461/UiPath.UIAutomationNext.dll",
        "C:\\Users\\Karan\\.nuget\\packages\\uipath.uiautomation.activities/21.4.4\\lib/net461/UiPath.UiAutomation.Activities.dll",
        "C:\\Users\\Karan\\.nuget\\packages\\uipath.uiautomation.activities/21.4.4\\lib/net461/UiPath.Wizards.dll",
        "C:\\Users\\Karan\\.nuget\\packages\\uipath.vision/3.0.1\\lib/net461/UiPath.Vision.AzureComputerVision.dll",
        "C:\\Users\\Karan\\.nuget\\packages\\uipath.vision/3.0.1\\lib/net461/UiPath.Vision.Core.dll",
        "C:\\Users\\Karan\\.nuget\\packages\\uipath.vision/3.0.1\\lib/net461/UiPath.Vision.GoogleCloud.dll",
        "C:\\Users\\Karan\\.nuget\\packages\\uipath.vision/3.0.1\\lib/net461/UiPath.Vision.Microsoft.dll",
        "C:\\Users\\Karan\\.nuget\\packages\\uipath.vision/3.0.1\\lib/net461/UiPath.Vision.Tesseract.dll",
        "C:\\Users\\Karan\\.nuget\\packages\\uipath.vision/3.0.1\\lib/net461/UiPath.Vision.dll"
      ],
      "Path": "C:\\Users\\Karan\\.nuget\\packages\\uipath.uiautomation.activities\\21.4.4"
    }
  ],
  "Conflicts": [
    {
      "AffectedPackages": [
        {
          "Id": "UiPath.UIAutomation.Activities",
          "Version": "21.4.4"
        },
        {
          "Id": "UiPath.MobileAutomation.Activities",
          "Version": "21.8.0-preview"
        }
      ],
      "CausingPackage": {
        "Id": "UiPath",
        "Version": "21.8.27.26297-preview"
      },
      "IsCycle": false,
      "IsDowngrade": false,
      "IsConflict": true
    }
  ],
  "ResolvedDependencies": {
    "AvalonEdit": {
      "Id": "AvalonEdit",
      "Version": "6.1.0-preview1",
      "Dependencies": []
    },
    "Castle.Core": {
      "Id": "Castle.Core",
      "Version": "4.4.0",
      "Dependencies": []
    },
    "ClosedXML": {
      "Id": "ClosedXML",
      "Version": "0.87.1",
      "Dependencies": [
        {
          "Item1": "DocumentFormat.OpenXml",
          "Item2": "[2.5.0, )"
        }
      ]
    },
    "CsvHelper": {
      "Id": "CsvHelper",
      "Version": "16.0.0",
      "Dependencies": [
        {
          "Item1": "Microsoft.CSharp",
          "Item2": "[4.5.0, )"
        },
        {
          "Item1": "System.ValueTuple",
          "Item2": "[4.4.0, )"
        }
      ]
    },
    "DocumentFormat.OpenXml": {
      "Id": "DocumentFormat.OpenXml",
      "Version": "2.5.0",
      "Dependencies": []
    },
    "DotNetSeleniumExtras.PageObjects": {
      "Id": "DotNetSeleniumExtras.PageObjects",
      "Version": "3.11.0",
      "Dependencies": [
        {
          "Item1": "Selenium.WebDriver",
          "Item2": "[3.10.0, )"
        }
      ]
    },
    "Google.Apis": {
      "Id": "Google.Apis",
      "Version": "1.43.0",
      "Dependencies": [
        {
          "Item1": "Google.Apis.Core",
          "Item2": "[1.43.0, )"
        },
        {
          "Item1": "Newtonsoft.Json",
          "Item2": "[10.0.2, )"
        }
      ]
    },
    "Google.Apis.Auth": {
      "Id": "Google.Apis.Auth",
      "Version": "1.43.0",
      "Dependencies": [
        {
          "Item1": "Google.Apis.Core",
          "Item2": "[1.43.0, )"
        },
        {
          "Item1": "Google.Apis",
          "Item2": "[1.43.0, )"
        }
      ]
    },
    "Google.Apis.Calendar.v3": {
      "Id": "Google.Apis.Calendar.v3",
      "Version": "1.43.0.1872",
      "Dependencies": [
        {
          "Item1": "Google.Apis",
          "Item2": "[1.43.0, )"
        },
        {
          "Item1": "Google.Apis.Auth",
          "Item2": "[1.43.0, )"
        }
      ]
    },
    "Google.Apis.Core": {
      "Id": "Google.Apis.Core",
      "Version": "1.43.0",
      "Dependencies": [
        {
          "Item1": "Newtonsoft.Json",
          "Item2": "[10.0.2, )"
        }
      ]
    },
    "Google.Apis.Gmail.v1": {
      "Id": "Google.Apis.Gmail.v1",
      "Version": "1.43.0.1859",
      "Dependencies": [
        {
          "Item1": "Google.Apis",
          "Item2": "[1.43.0, )"
        },
        {
          "Item1": "Google.Apis.Auth",
          "Item2": "[1.43.0, )"
        }
      ]
    },
    "Google.Apis.PeopleService.v1": {
      "Id": "Google.Apis.PeopleService.v1",
      "Version": "1.43.0.1876",
      "Dependencies": [
        {
          "Item1": "Google.Apis",
          "Item2": "[1.43.0, )"
        },
        {
          "Item1": "Google.Apis.Auth",
          "Item2": "[1.43.0, )"
        }
      ]
    },
    "LiteDB": {
      "Id": "LiteDB",
      "Version": "4.1.4",
      "Dependencies": []
    },
    "MailKit": {
      "Id": "MailKit",
      "Version": "2.10.0",
      "Dependencies": [
        {
          "Item1": "MimeKit",
          "Item2": "[2.10.0, )"
        }
      ]
    },
    "Microsoft.AspNet.SignalR.Client": {
      "Id": "Microsoft.AspNet.SignalR.Client",
      "Version": "2.4.0",
      "Dependencies": [
        {
          "Item1": "Newtonsoft.Json",
          "Item2": "[6.0.4, )"
        }
      ]
    },
    "Microsoft.AspNetCore.Connections.Abstractions": {
      "Id": "Microsoft.AspNetCore.Connections.Abstractions",
      "Version": "3.1.6",
      "Dependencies": [
        {
          "Item1": "Microsoft.AspNetCore.Http.Features",
          "Item2": "[3.1.6, )"
        },
        {
          "Item1": "Microsoft.Bcl.AsyncInterfaces",
          "Item2": "[1.1.1, )"
        },
        {
          "Item1": "System.IO.Pipelines",
          "Item2": "[4.7.1, )"
        }
      ]
    },
    "Microsoft.AspNetCore.Http.Connections.Client": {
      "Id": "Microsoft.AspNetCore.Http.Connections.Client",
      "Version": "3.1.6",
      "Dependencies": [
        {
          "Item1": "Microsoft.AspNetCore.Http.Connections.Common",
          "Item2": "[3.1.6, )"
        },
        {
          "Item1": "Microsoft.Extensions.Logging.Abstractions",
          "Item2": "[3.1.6, )"
        },
        {
          "Item1": "Microsoft.Extensions.Options",
          "Item2": "[3.1.6, )"
        }
      ]
    },
    "Microsoft.AspNetCore.Http.Connections.Common": {
      "Id": "Microsoft.AspNetCore.Http.Connections.Common",
      "Version": "3.1.6",
      "Dependencies": [
        {
          "Item1": "Microsoft.AspNetCore.Connections.Abstractions",
          "Item2": "[3.1.6, )"
        },
        {
          "Item1": "System.Text.Json",
          "Item2": "[4.7.2, )"
        }
      ]
    },
    "Microsoft.AspNetCore.Http.Features": {
      "Id": "Microsoft.AspNetCore.Http.Features",
      "Version": "3.1.6",
      "Dependencies": [
        {
          "Item1": "Microsoft.Extensions.Primitives",
          "Item2": "[3.1.6, )"
        },
        {
          "Item1": "System.IO.Pipelines",
          "Item2": "[4.7.1, )"
        }
      ]
    },
    "Microsoft.AspNetCore.SignalR.Client": {
      "Id": "Microsoft.AspNetCore.SignalR.Client",
      "Version": "3.1.6",
      "Dependencies": [
        {
          "Item1": "Microsoft.AspNetCore.SignalR.Client.Core",
          "Item2": "[3.1.6, )"
        },
        {
          "Item1": "Microsoft.AspNetCore.Http.Connections.Client",
          "Item2": "[3.1.6, )"
        }
      ]
    },
    "Microsoft.AspNetCore.SignalR.Client.Core": {
      "Id": "Microsoft.AspNetCore.SignalR.Client.Core",
      "Version": "3.1.6",
      "Dependencies": [
        {
          "Item1": "Microsoft.AspNetCore.SignalR.Protocols.Json",
          "Item2": "[3.1.6, )"
        },
        {
          "Item1": "Microsoft.AspNetCore.SignalR.Common",
          "Item2": "[3.1.6, )"
        },
        {
          "Item1": "Microsoft.Bcl.AsyncInterfaces",
          "Item2": "[1.1.1, )"
        },
        {
          "Item1": "Microsoft.Extensions.DependencyInjection",
          "Item2": "[3.1.6, )"
        },
        {
          "Item1": "Microsoft.Extensions.Logging",
          "Item2": "[3.1.6, )"
        },
        {
          "Item1": "System.Threading.Channels",
          "Item2": "[4.7.1, )"
        }
      ]
    },
    "Microsoft.AspNetCore.SignalR.Common": {
      "Id": "Microsoft.AspNetCore.SignalR.Common",
      "Version": "3.1.6",
      "Dependencies": [
        {
          "Item1": "Microsoft.AspNetCore.Connections.Abstractions",
          "Item2": "[3.1.6, )"
        },
        {
          "Item1": "Microsoft.Extensions.Options",
          "Item2": "[3.1.6, )"
        },
        {
          "Item1": "System.Text.Json",
          "Item2": "[4.7.2, )"
        }
      ]
    },
    "Microsoft.AspNetCore.SignalR.Protocols.Json": {
      "Id": "Microsoft.AspNetCore.SignalR.Protocols.Json",
      "Version": "3.1.6",
      "Dependencies": [
        {
          "Item1": "Microsoft.AspNetCore.SignalR.Common",
          "Item2": "[3.1.6, )"
        }
      ]
    },
    "Microsoft.Bcl.AsyncInterfaces": {
      "Id": "Microsoft.Bcl.AsyncInterfaces",
      "Version": "5.0.0",
      "Dependencies": [
        {
          "Item1": "System.Threading.Tasks.Extensions",
          "Item2": "[4.5.4, )"
        }
      ]
    },
    "Microsoft.CSharp": {
      "Id": "Microsoft.CSharp",
      "Version": "4.5.0",
      "Dependencies": []
    },
    "Microsoft.Exchange.WebServices": {
      "Id": "Microsoft.Exchange.WebServices",
      "Version": "2.2.0",
      "Dependencies": []
    },
    "Microsoft.Extensions.Configuration": {
      "Id": "Microsoft.Extensions.Configuration",
      "Version": "3.1.6",
      "Dependencies": [
        {
          "Item1": "Microsoft.Extensions.Configuration.Abstractions",
          "Item2": "[3.1.6, )"
        }
      ]
    },
    "Microsoft.Extensions.Configuration.Abstractions": {
      "Id": "Microsoft.Extensions.Configuration.Abstractions",
      "Version": "3.1.6",
      "Dependencies": [
        {
          "Item1": "Microsoft.Extensions.Primitives",
          "Item2": "[3.1.6, )"
        }
      ]
    },
    "Microsoft.Extensions.Configuration.Binder": {
      "Id": "Microsoft.Extensions.Configuration.Binder",
      "Version": "3.1.6",
      "Dependencies": [
        {
          "Item1": "Microsoft.Extensions.Configuration",
          "Item2": "[3.1.6, )"
        }
      ]
    },
    "Microsoft.Extensions.DependencyInjection": {
      "Id": "Microsoft.Extensions.DependencyInjection",
      "Version": "5.0.0",
      "Dependencies": [
        {
          "Item1": "Microsoft.Bcl.AsyncInterfaces",
          "Item2": "[5.0.0, )"
        },
        {
          "Item1": "Microsoft.Extensions.DependencyInjection.Abstractions",
          "Item2": "[5.0.0, )"
        },
        {
          "Item1": "System.Threading.Tasks.Extensions",
          "Item2": "[4.5.4, )"
        }
      ]
    },
    "Microsoft.Extensions.DependencyInjection.Abstractions": {
      "Id": "Microsoft.Extensions.DependencyInjection.Abstractions",
      "Version": "5.0.0",
      "Dependencies": []
    },
    "Microsoft.Extensions.FileSystemGlobbing": {
      "Id": "Microsoft.Extensions.FileSystemGlobbing",
      "Version": "5.0.0",
      "Dependencies": []
    },
    "Microsoft.Extensions.Logging": {
      "Id": "Microsoft.Extensions.Logging",
      "Version": "3.1.6",
      "Dependencies": [
        {
          "Item1": "Microsoft.Extensions.Configuration.Binder",
          "Item2": "[3.1.6, )"
        },
        {
          "Item1": "Microsoft.Extensions.DependencyInjection",
          "Item2": "[3.1.6, )"
        },
        {
          "Item1": "Microsoft.Extensions.Logging.Abstractions",
          "Item2": "[3.1.6, )"
        },
        {
          "Item1": "Microsoft.Extensions.Options",
          "Item2": "[3.1.6, )"
        }
      ]
    },
    "Microsoft.Extensions.Logging.Abstractions": {
      "Id": "Microsoft.Extensions.Logging.Abstractions",
      "Version": "5.0.0",
      "Dependencies": []
    },
    "Microsoft.Extensions.Options": {
      "Id": "Microsoft.Extensions.Options",
      "Version": "3.1.6",
      "Dependencies": [
        {
          "Item1": "Microsoft.Extensions.DependencyInjection.Abstractions",
          "Item2": "[3.1.6, )"
        },
        {
          "Item1": "Microsoft.Extensions.Primitives",
          "Item2": "[3.1.6, )"
        },
        {
          "Item1": "System.ComponentModel.Annotations",
          "Item2": "[4.7.0, )"
        }
      ]
    },
    "Microsoft.Extensions.Primitives": {
      "Id": "Microsoft.Extensions.Primitives",
      "Version": "3.1.6",
      "Dependencies": [
        {
          "Item1": "System.Memory",
          "Item2": "[4.5.2, )"
        },
        {
          "Item1": "System.Runtime.CompilerServices.Unsafe",
          "Item2": "[4.7.1, )"
        }
      ]
    },
    "Microsoft.Identity.Client": {
      "Id": "Microsoft.Identity.Client",
      "Version": "4.14.0",
      "Dependencies": []
    },
    "Microsoft.Rest.ClientRuntime": {
      "Id": "Microsoft.Rest.ClientRuntime",
      "Version": "2.3.21",
      "Dependencies": [
        {
          "Item1": "Newtonsoft.Json",
          "Item2": "[10.0.3, )"
        }
      ]
    },
    "Microsoft.VisualStudio.OLE.Interop": {
      "Id": "Microsoft.VisualStudio.OLE.Interop",
      "Version": "16.7.30328.74",
      "Dependencies": []
    },
    "MimeKit": {
      "Id": "MimeKit",
      "Version": "2.10.0",
      "Dependencies": [
        {
          "Item1": "System.Data.DataSetExtensions",
          "Item2": "[4.5.0, )"
        },
        {
          "Item1": "System.Buffers",
          "Item2": "[4.5.1, )"
        },
        {
          "Item1": "Portable.BouncyCastle",
          "Item2": "[1.8.8, )"
        }
      ]
    },
    "Newtonsoft.Json": {
      "Id": "Newtonsoft.Json",
      "Version": "12.0.3",
      "Dependencies": []
    },
    "Nito.AsyncEx": {
      "Id": "Nito.AsyncEx",
      "Version": "5.1.0",
      "Dependencies": [
        {
          "Item1": "Nito.AsyncEx.Context",
          "Item2": "[5.1.0, )"
        },
        {
          "Item1": "Nito.AsyncEx.Coordination",
          "Item2": "[5.1.0, )"
        },
        {
          "Item1": "Nito.AsyncEx.Interop.WaitHandles",
          "Item2": "[5.1.0, )"
        },
        {
          "Item1": "Nito.AsyncEx.Oop",
          "Item2": "[5.1.0, )"
        },
        {
          "Item1": "Nito.AsyncEx.Tasks",
          "Item2": "[5.1.0, )"
        },
        {
          "Item1": "Nito.Cancellation",
          "Item2": "[1.1.0, )"
        }
      ]
    },
    "Nito.AsyncEx.Context": {
      "Id": "Nito.AsyncEx.Context",
      "Version": "5.1.0",
      "Dependencies": [
        {
          "Item1": "Nito.AsyncEx.Tasks",
          "Item2": "[5.1.0, )"
        }
      ]
    },
    "Nito.AsyncEx.Coordination": {
      "Id": "Nito.AsyncEx.Coordination",
      "Version": "5.1.0",
      "Dependencies": [
        {
          "Item1": "Nito.AsyncEx.Tasks",
          "Item2": "[5.1.0, )"
        },
        {
          "Item1": "Nito.Collections.Deque",
          "Item2": "[1.1.0, )"
        }
      ]
    },
    "Nito.AsyncEx.Interop.WaitHandles": {
      "Id": "Nito.AsyncEx.Interop.WaitHandles",
      "Version": "5.1.0",
      "Dependencies": [
        {
          "Item1": "Nito.AsyncEx.Tasks",
          "Item2": "[5.1.0, )"
        }
      ]
    },
    "Nito.AsyncEx.Oop": {
      "Id": "Nito.AsyncEx.Oop",
      "Version": "5.1.0",
      "Dependencies": [
        {
          "Item1": "Nito.AsyncEx.Coordination",
          "Item2": "[5.1.0, )"
        }
      ]
    },
    "Nito.AsyncEx.Tasks": {
      "Id": "Nito.AsyncEx.Tasks",
      "Version": "5.1.0",
      "Dependencies": [
        {
          "Item1": "Nito.Disposables",
          "Item2": "[2.2.0, )"
        }
      ]
    },
    "Nito.Cancellation": {
      "Id": "Nito.Cancellation",
      "Version": "1.1.0",
      "Dependencies": [
        {
          "Item1": "Nito.Disposables",
          "Item2": "[2.2.0, )"
        }
      ]
    },
    "Nito.Collections.Deque": {
      "Id": "Nito.Collections.Deque",
      "Version": "1.1.0",
      "Dependencies": []
    },
    "Nito.Disposables": {
      "Id": "Nito.Disposables",
      "Version": "2.2.0",
      "Dependencies": [
        {
          "Item1": "System.Collections.Immutable",
          "Item2": "[1.4.0, )"
        }
      ]
    },
    "NPOI": {
      "Id": "NPOI",
      "Version": "2.4.1",
      "Dependencies": [
        {
          "Item1": "SharpZipLib",
          "Item2": "[1.0.0, )"
        }
      ]
    },
    "Portable.BouncyCastle": {
      "Id": "Portable.BouncyCastle",
      "Version": "1.8.8",
      "Dependencies": []
    },
    "Prism.Core": {
      "Id": "Prism.Core",
      "Version": "7.2.0.1422",
      "Dependencies": [
        {
          "Item1": "System.ValueTuple",
          "Item2": "[4.5.0, )"
        }
      ]
    },
    "Selenium.Support": {
      "Id": "Selenium.Support",
      "Version": "3.141.0",
      "Dependencies": [
        {
          "Item1": "Selenium.WebDriver",
          "Item2": "[3.141.0, )"
        }
      ]
    },
    "Selenium.WebDriver": {
      "Id": "Selenium.WebDriver",
      "Version": "3.141.0",
      "Dependencies": []
    },
    "SharpZipLib": {
      "Id": "SharpZipLib",
      "Version": "1.2.0",
      "Dependencies": []
    },
    "System.Buffers": {
      "Id": "System.Buffers",
      "Version": "4.5.1",
      "Dependencies": []
    },
    "System.Collections.Immutable": {
      "Id": "System.Collections.Immutable",
      "Version": "5.0.0",
      "Dependencies": [
        {
          "Item1": "System.Memory",
          "Item2": "[4.5.4, )"
        }
      ]
    },
    "System.ComponentModel.Annotations": {
      "Id": "System.ComponentModel.Annotations",
      "Version": "4.7.0",
      "Dependencies": []
    },
    "System.Data.DataSetExtensions": {
      "Id": "System.Data.DataSetExtensions",
      "Version": "4.5.0",
      "Dependencies": []
    },
    "System.IO.Abstractions": {
      "Id": "System.IO.Abstractions",
      "Version": "3.0.10",
      "Dependencies": []
    },
    "System.IO.Pipelines": {
      "Id": "System.IO.Pipelines",
      "Version": "4.7.1",
      "Dependencies": [
        {
          "Item1": "System.Buffers",
          "Item2": "[4.5.0, )"
        },
        {
          "Item1": "System.Memory",
          "Item2": "[4.5.3, )"
        },
        {
          "Item1": "System.Threading.Tasks.Extensions",
          "Item2": "[4.5.2, )"
        }
      ]
    },
    "System.IO.Pipes.AccessControl": {
      "Id": "System.IO.Pipes.AccessControl",
      "Version": "5.0.0",
      "Dependencies": [
        {
          "Item1": "System.Security.AccessControl",
          "Item2": "[5.0.0, )"
        },
        {
          "Item1": "System.Security.Principal.Windows",
          "Item2": "[5.0.0, )"
        }
      ]
    },
    "System.Management.Automation": {
      "Id": "System.Management.Automation",
      "Version": "6.1.7601.17515",
      "Dependencies": []
    },
    "System.Memory": {
      "Id": "System.Memory",
      "Version": "4.5.4",
      "Dependencies": [
        {
          "Item1": "System.Buffers",
          "Item2": "[4.5.1, )"
        },
        {
          "Item1": "System.Numerics.Vectors",
          "Item2": "[4.5.0, )"
        },
        {
          "Item1": "System.Runtime.CompilerServices.Unsafe",
          "Item2": "[4.5.3, )"
        }
      ]
    },
    "System.Numerics.Vectors": {
      "Id": "System.Numerics.Vectors",
      "Version": "4.5.0",
      "Dependencies": []
    },
    "System.Reflection.DispatchProxy": {
      "Id": "System.Reflection.DispatchProxy",
      "Version": "4.7.1",
      "Dependencies": []
    },
    "System.Runtime.CompilerServices.Unsafe": {
      "Id": "System.Runtime.CompilerServices.Unsafe",
      "Version": "4.7.1",
      "Dependencies": []
    },
    "System.Security.AccessControl": {
      "Id": "System.Security.AccessControl",
      "Version": "5.0.0",
      "Dependencies": [
        {
          "Item1": "System.Security.Principal.Windows",
          "Item2": "[5.0.0, )"
        }
      ]
    },
    "System.Security.Principal.Windows": {
      "Id": "System.Security.Principal.Windows",
      "Version": "5.0.0",
      "Dependencies": []
    },
    "System.Text.Encodings.Web": {
      "Id": "System.Text.Encodings.Web",
      "Version": "4.7.1",
      "Dependencies": [
        {
          "Item1": "System.Memory",
          "Item2": "[4.5.4, )"
        }
      ]
    },
    "System.Text.Json": {
      "Id": "System.Text.Json",
      "Version": "4.7.2",
      "Dependencies": [
        {
          "Item1": "Microsoft.Bcl.AsyncInterfaces",
          "Item2": "[1.1.0, )"
        },
        {
          "Item1": "System.Buffers",
          "Item2": "[4.5.1, )"
        },
        {
          "Item1": "System.Memory",
          "Item2": "[4.5.4, )"
        },
        {
          "Item1": "System.Numerics.Vectors",
          "Item2": "[4.5.0, )"
        },
        {
          "Item1": "System.Runtime.CompilerServices.Unsafe",
          "Item2": "[4.7.1, )"
        },
        {
          "Item1": "System.Text.Encodings.Web",
          "Item2": "[4.7.1, )"
        },
        {
          "Item1": "System.Threading.Tasks.Extensions",
          "Item2": "[4.5.4, )"
        },
        {
          "Item1": "System.ValueTuple",
          "Item2": "[4.5.0, )"
        }
      ]
    },
    "System.Threading.Channels": {
      "Id": "System.Threading.Channels",
      "Version": "4.7.1",
      "Dependencies": [
        {
          "Item1": "System.Threading.Tasks.Extensions",
          "Item2": "[4.5.4, )"
        }
      ]
    },
    "System.Threading.Tasks.Dataflow": {
      "Id": "System.Threading.Tasks.Dataflow",
      "Version": "5.0.0",
      "Dependencies": []
    },
    "System.Threading.Tasks.Extensions": {
      "Id": "System.Threading.Tasks.Extensions",
      "Version": "4.5.4",
      "Dependencies": [
        {
          "Item1": "System.Runtime.CompilerServices.Unsafe",
          "Item2": "[4.5.3, )"
        }
      ]
    },
    "System.ValueTuple": {
      "Id": "System.ValueTuple",
      "Version": "4.5.0",
      "Dependencies": []
    },
    "UiPath": {
      "Id": "UiPath",
      "Version": "21.8.27.26297-preview",
      "Dependencies": []
    },
    "UiPath.Excel.Activities": {
      "Id": "UiPath.Excel.Activities",
      "Version": "2.10.4",
      "Dependencies": [
        {
          "Item1": "ClosedXML",
          "Item2": "[0.87.1, )"
        },
        {
          "Item1": "CsvHelper",
          "Item2": "[15.0.5, )"
        },
        {
          "Item1": "DocumentFormat.OpenXml",
          "Item2": "[2.5.0, )"
        },
        {
          "Item1": "Microsoft.VisualStudio.OLE.Interop",
          "Item2": "[16.7.30328.74, )"
        },
        {
          "Item1": "NPOI",
          "Item2": "[2.4.1, )"
        },
        {
          "Item1": "SharpZipLib",
          "Item2": "[1.0.0, )"
        }
      ]
    },
    "UiPath.ImageProcessing": {
      "Id": "UiPath.ImageProcessing",
      "Version": "21.8.0-preview",
      "Dependencies": []
    },
    "UiPath.Mail.Activities": {
      "Id": "UiPath.Mail.Activities",
      "Version": "1.10.5",
      "Dependencies": [
        {
          "Item1": "Google.Apis.Calendar.v3",
          "Item2": "[1.43.0.1872, )"
        },
        {
          "Item1": "Google.Apis.Gmail.v1",
          "Item2": "[1.43.0.1859, )"
        },
        {
          "Item1": "Google.Apis.PeopleService.v1",
          "Item2": "[1.43.0.1876, )"
        },
        {
          "Item1": "MailKit",
          "Item2": "[2.10.0, )"
        },
        {
          "Item1": "Microsoft.Exchange.WebServices",
          "Item2": "[2.2.0, )"
        },
        {
          "Item1": "Microsoft.Extensions.FileSystemGlobbing",
          "Item2": "[5.0.0, )"
        },
        {
          "Item1": "Microsoft.Identity.Client",
          "Item2": "[4.14.0, )"
        },
        {
          "Item1": "Newtonsoft.Json",
          "Item2": "[11.0.1, )"
        },
        {
          "Item1": "System.ValueTuple",
          "Item2": "[4.5.0, )"
        }
      ]
    },
    "UiPath.MobileAutomation.Activities": {
      "Id": "UiPath.MobileAutomation.Activities",
      "Version": "21.8.0-preview",
      "Dependencies": [
        {
          "Item1": "AvalonEdit",
          "Item2": "[6.1.0-preview1, 6.2.0)"
        },
        {
          "Item1": "Castle.Core",
          "Item2": "[4.4.0, )"
        },
        {
          "Item1": "DotNetSeleniumExtras.PageObjects",
          "Item2": "[3.11.0, )"
        },
        {
          "Item1": "LiteDB",
          "Item2": "[4.1.4, )"
        },
        {
          "Item1": "Microsoft.CSharp",
          "Item2": "[4.5.0, )"
        },
        {
          "Item1": "Microsoft.Extensions.DependencyInjection",
          "Item2": "[5.0.0, )"
        },
        {
          "Item1": "Microsoft.Extensions.DependencyInjection.Abstractions",
          "Item2": "[5.0.0, )"
        },
        {
          "Item1": "Microsoft.Extensions.Logging.Abstractions",
          "Item2": "[5.0.0, )"
        },
        {
          "Item1": "Newtonsoft.Json",
          "Item2": "[12.0.3, )"
        },
        {
          "Item1": "Nito.AsyncEx",
          "Item2": "[5.1.0, )"
        },
        {
          "Item1": "Prism.Core",
          "Item2": "[7.2.0.1422, )"
        },
        {
          "Item1": "Selenium.Support",
          "Item2": "[3.141.0, )"
        },
        {
          "Item1": "Selenium.WebDriver",
          "Item2": "[3.141.0, )"
        },
        {
          "Item1": "System.Collections.Immutable",
          "Item2": "[5.0.0, )"
        },
        {
          "Item1": "System.IO.Abstractions",
          "Item2": "[3.0.10, )"
        },
        {
          "Item1": "System.IO.Pipes.AccessControl",
          "Item2": "[5.0.0, )"
        },
        {
          "Item1": "System.Reflection.DispatchProxy",
          "Item2": "[4.7.1, )"
        },
        {
          "Item1": "UiPath",
          "Item2": "[21.8.27.26297-preview, 21.8.27.26297-preview]"
        },
        {
          "Item1": "UiPath.ImageProcessing",
          "Item2": "[21.8.0-preview, )"
        },
        {
          "Item1": "UiPath.OCR.Contracts",
          "Item2": "[2.9.0-preview, )"
        },
        {
          "Item1": "UiPath.Platform",
          "Item2": "[21.8.0-preview, )"
        },
        {
          "Item1": "UiPath.Telemetry.Client",
          "Item2": "[1.3.18, )"
        }
      ]
    },
    "UiPath.OCR.Activities": {
      "Id": "UiPath.OCR.Activities",
      "Version": "3.0.0",
      "Dependencies": [
        {
          "Item1": "UiPath.OCR.Contracts",
          "Item2": "[2.7.3, )"
        }
      ]
    },
    "UiPath.OCR.Contracts": {
      "Id": "UiPath.OCR.Contracts",
      "Version": "2.9.0-preview",
      "Dependencies": []
    },
    "UiPath.Platform": {
      "Id": "UiPath.Platform",
      "Version": "21.8.0-preview",
      "Dependencies": [
        {
          "Item1": "Newtonsoft.Json",
          "Item2": "[11.0.2, )"
        },
        {
          "Item1": "System.IO.Abstractions",
          "Item2": "[3.0.10, )"
        },
        {
          "Item1": "System.ValueTuple",
          "Item2": "[4.5.0, )"
        }
      ]
    },
    "UiPath.System.Activities": {
      "Id": "UiPath.System.Activities",
      "Version": "21.4.1",
      "Dependencies": [
        {
          "Item1": "CsvHelper",
          "Item2": "[16.0.0, )"
        },
        {
          "Item1": "Microsoft.AspNet.SignalR.Client",
          "Item2": "[2.4.0, )"
        },
        {
          "Item1": "Microsoft.AspNetCore.SignalR.Client",
          "Item2": "[3.1.6, )"
        },
        {
          "Item1": "Microsoft.Rest.ClientRuntime",
          "Item2": "[2.3.21, )"
        },
        {
          "Item1": "Newtonsoft.Json",
          "Item2": "[11.0.2, )"
        },
        {
          "Item1": "SharpZipLib",
          "Item2": "[1.2.0, )"
        },
        {
          "Item1": "System.Management.Automation",
          "Item2": "[6.1.7601.17515, )"
        },
        {
          "Item1": "UiPath.Platform",
          "Item2": "[21.4.0, )"
        },
        {
          "Item1": "UiPath.Telemetry.Client",
          "Item2": "[1.3.18, )"
        }
      ]
    },
    "UiPath.Telemetry.Client": {
      "Id": "UiPath.Telemetry.Client",
      "Version": "1.3.18",
      "Dependencies": [
        {
          "Item1": "Newtonsoft.Json",
          "Item2": "[11.0.2, )"
        },
        {
          "Item1": "System.Threading.Tasks.Dataflow",
          "Item2": "[5.0.0, )"
        }
      ]
    },
    "UiPath.UIAutomation.Activities": {
      "Id": "UiPath.UIAutomation.Activities",
      "Version": "21.4.4",
      "Dependencies": [
        {
          "Item1": "UiPath",
          "Item2": "[21.4.25.3292, 21.4.25.3292]"
        },
        {
          "Item1": "UiPath.Vision",
          "Item2": "[3.0.1, )"
        },
        {
          "Item1": "UiPath.OCR.Contracts",
          "Item2": "[2.7.3, )"
        },
        {
          "Item1": "UiPath.OCR.Activities",
          "Item2": "[3.0.0, )"
        },
        {
          "Item1": "UiPath.Platform",
          "Item2": "[21.4.0, )"
        },
        {
          "Item1": "Newtonsoft.Json",
          "Item2": "[11.0.2, )"
        },
        {
          "Item1": "System.IO.Abstractions",
          "Item2": "[3.0.10, )"
        },
        {
          "Item1": "UiPath.Telemetry.Client",
          "Item2": "[1.3.18, )"
        }
      ]
    },
    "UiPath.Vision": {
      "Id": "UiPath.Vision",
      "Version": "3.0.1",
      "Dependencies": [
        {
          "Item1": "UiPath.OCR.Contracts",
          "Item2": "[2.7.3, )"
        }
      ]
    }
  },
  "AllPackages": [
    {
      "Package": {
        "Id": "AvalonEdit",
        "Version": "6.1.0-preview1"
      },
      "Assemblies": [
        "C:\\Users\\Karan\\.nuget\\packages\\avalonedit\\6.1.0-preview1\\lib\\net45\\ICSharpCode.AvalonEdit.dll"
      ],
      "Path": "C:\\Users\\Karan\\.nuget\\packages\\avalonedit\\6.1.0-preview1"
    },
    {
      "Package": {
        "Id": "Castle.Core",
        "Version": "4.4.0"
      },
      "Assemblies": [
        "C:\\Users\\Karan\\.nuget\\packages\\castle.core\\4.4.0\\lib\\net45\\Castle.Core.dll"
      ],
      "Path": "C:\\Users\\Karan\\.nuget\\packages\\castle.core\\4.4.0"
    },
    {
      "Package": {
        "Id": "ClosedXML",
        "Version": "0.87.1"
      },
      "Assemblies": [
        "C:\\Users\\Karan\\.nuget\\packages\\closedxml\\0.87.1\\lib\\net40\\ClosedXML.dll"
      ],
      "Path": "C:\\Users\\Karan\\.nuget\\packages\\closedxml\\0.87.1"
    },
    {
      "Package": {
        "Id": "CsvHelper",
        "Version": "16.0.0"
      },
      "Assemblies": [
        "C:\\Users\\Karan\\.nuget\\packages\\csvhelper\\16.0.0\\lib\\net45\\CsvHelper.dll"
      ],
      "Path": "C:\\Users\\Karan\\.nuget\\packages\\csvhelper\\16.0.0"
    },
    {
      "Package": {
        "Id": "DocumentFormat.OpenXml",
        "Version": "2.5.0"
      },
      "Assemblies": [
        "C:\\Users\\Karan\\.nuget\\packages\\documentformat.openxml\\2.5.0\\lib\\DocumentFormat.OpenXml.dll"
      ],
      "Path": "C:\\Users\\Karan\\.nuget\\packages\\documentformat.openxml\\2.5.0"
    },
    {
      "Package": {
        "Id": "DotNetSeleniumExtras.PageObjects",
        "Version": "3.11.0"
      },
      "Assemblies": [
        "C:\\Users\\Karan\\.nuget\\packages\\dotnetseleniumextras.pageobjects\\3.11.0\\lib\\net45\\SeleniumExtras.PageObjects.dll"
      ],
      "Path": "C:\\Users\\Karan\\.nuget\\packages\\dotnetseleniumextras.pageobjects\\3.11.0"
    },
    {
      "Package": {
        "Id": "Google.Apis",
        "Version": "1.43.0"
      },
      "Assemblies": [
        "C:\\Users\\Karan\\.nuget\\packages\\google.apis\\1.43.0\\lib\\net45\\Google.Apis.PlatformServices.dll",
        "C:\\Users\\Karan\\.nuget\\packages\\google.apis\\1.43.0\\lib\\net45\\Google.Apis.dll"
      ],
      "Path": "C:\\Users\\Karan\\.nuget\\packages\\google.apis\\1.43.0"
    },
    {
      "Package": {
        "Id": "Google.Apis.Auth",
        "Version": "1.43.0"
      },
      "Assemblies": [
        "C:\\Users\\Karan\\.nuget\\packages\\google.apis.auth\\1.43.0\\lib\\net45\\Google.Apis.Auth.PlatformServices.dll",
        "C:\\Users\\Karan\\.nuget\\packages\\google.apis.auth\\1.43.0\\lib\\net45\\Google.Apis.Auth.dll"
      ],
      "Path": "C:\\Users\\Karan\\.nuget\\packages\\google.apis.auth\\1.43.0"
    },
    {
      "Package": {
        "Id": "Google.Apis.Calendar.v3",
        "Version": "1.43.0.1872"
      },
      "Assemblies": [
        "C:\\Users\\Karan\\.nuget\\packages\\google.apis.calendar.v3\\1.43.0.1872\\lib\\net45\\Google.Apis.Calendar.v3.dll"
      ],
      "Path": "C:\\Users\\Karan\\.nuget\\packages\\google.apis.calendar.v3\\1.43.0.1872"
    },
    {
      "Package": {
        "Id": "Google.Apis.Core",
        "Version": "1.43.0"
      },
      "Assemblies": [
        "C:\\Users\\Karan\\.nuget\\packages\\google.apis.core\\1.43.0\\lib\\net45\\Google.Apis.Core.dll"
      ],
      "Path": "C:\\Users\\Karan\\.nuget\\packages\\google.apis.core\\1.43.0"
    },
    {
      "Package": {
        "Id": "Google.Apis.Gmail.v1",
        "Version": "1.43.0.1859"
      },
      "Assemblies": [
        "C:\\Users\\Karan\\.nuget\\packages\\google.apis.gmail.v1\\1.43.0.1859\\lib\\net45\\Google.Apis.Gmail.v1.dll"
      ],
      "Path": "C:\\Users\\Karan\\.nuget\\packages\\google.apis.gmail.v1\\1.43.0.1859"
    },
    {
      "Package": {
        "Id": "Google.Apis.PeopleService.v1",
        "Version": "1.43.0.1876"
      },
      "Assemblies": [
        "C:\\Users\\Karan\\.nuget\\packages\\google.apis.peopleservice.v1\\1.43.0.1876\\lib\\net45\\Google.Apis.PeopleService.v1.dll"
      ],
      "Path": "C:\\Users\\Karan\\.nuget\\packages\\google.apis.peopleservice.v1\\1.43.0.1876"
    },
    {
      "Package": {
        "Id": "LiteDB",
        "Version": "4.1.4"
      },
      "Assemblies": [
        "C:\\Users\\Karan\\.nuget\\packages\\litedb\\4.1.4\\lib\\net40\\LiteDB.dll"
      ],
      "Path": "C:\\Users\\Karan\\.nuget\\packages\\litedb\\4.1.4"
    },
    {
      "Package": {
        "Id": "MailKit",
        "Version": "2.10.0"
      },
      "Assemblies": [
        "C:\\Users\\Karan\\.nuget\\packages\\mailkit\\2.10.0\\lib\\net46\\MailKit.dll"
      ],
      "Path": "C:\\Users\\Karan\\.nuget\\packages\\mailkit\\2.10.0"
    },
    {
      "Package": {
        "Id": "Microsoft.AspNet.SignalR.Client",
        "Version": "2.4.0"
      },
      "Assemblies": [
        "C:\\Users\\Karan\\.nuget\\packages\\microsoft.aspnet.signalr.client\\2.4.0\\lib\\net45\\Microsoft.AspNet.SignalR.Client.dll"
      ],
      "Path": "C:\\Users\\Karan\\.nuget\\packages\\microsoft.aspnet.signalr.client\\2.4.0"
    },
    {
      "Package": {
        "Id": "Microsoft.AspNetCore.Connections.Abstractions",
        "Version": "3.1.6"
      },
      "Assemblies": [
        "C:\\Users\\Karan\\.nuget\\packages\\microsoft.aspnetcore.connections.abstractions\\3.1.6\\lib\\netstandard2.0\\Microsoft.AspNetCore.Connections.Abstractions.dll"
      ],
      "Path": "C:\\Users\\Karan\\.nuget\\packages\\microsoft.aspnetcore.connections.abstractions\\3.1.6"
    },
    {
      "Package": {
        "Id": "Microsoft.AspNetCore.Http.Connections.Client",
        "Version": "3.1.6"
      },
      "Assemblies": [
        "C:\\Users\\Karan\\.nuget\\packages\\microsoft.aspnetcore.http.connections.client\\3.1.6\\lib\\netstandard2.0\\Microsoft.AspNetCore.Http.Connections.Client.dll"
      ],
      "Path": "C:\\Users\\Karan\\.nuget\\packages\\microsoft.aspnetcore.http.connections.client\\3.1.6"
    },
    {
      "Package": {
        "Id": "Microsoft.AspNetCore.Http.Connections.Common",
        "Version": "3.1.6"
      },
      "Assemblies": [
        "C:\\Users\\Karan\\.nuget\\packages\\microsoft.aspnetcore.http.connections.common\\3.1.6\\lib\\netstandard2.0\\Microsoft.AspNetCore.Http.Connections.Common.dll"
      ],
      "Path": "C:\\Users\\Karan\\.nuget\\packages\\microsoft.aspnetcore.http.connections.common\\3.1.6"
    },
    {
      "Package": {
        "Id": "Microsoft.AspNetCore.Http.Features",
        "Version": "3.1.6"
      },
      "Assemblies": [
        "C:\\Users\\Karan\\.nuget\\packages\\microsoft.aspnetcore.http.features\\3.1.6\\lib\\netstandard2.0\\Microsoft.AspNetCore.Http.Features.dll"
      ],
      "Path": "C:\\Users\\Karan\\.nuget\\packages\\microsoft.aspnetcore.http.features\\3.1.6"
    },
    {
      "Package": {
        "Id": "Microsoft.AspNetCore.SignalR.Client",
        "Version": "3.1.6"
      },
      "Assemblies": [
        "C:\\Users\\Karan\\.nuget\\packages\\microsoft.aspnetcore.signalr.client\\3.1.6\\lib\\netstandard2.0\\Microsoft.AspNetCore.SignalR.Client.dll"
      ],
      "Path": "C:\\Users\\Karan\\.nuget\\packages\\microsoft.aspnetcore.signalr.client\\3.1.6"
    },
    {
      "Package": {
        "Id": "Microsoft.AspNetCore.SignalR.Client.Core",
        "Version": "3.1.6"
      },
      "Assemblies": [
        "C:\\Users\\Karan\\.nuget\\packages\\microsoft.aspnetcore.signalr.client.core\\3.1.6\\lib\\netstandard2.0\\Microsoft.AspNetCore.SignalR.Client.Core.dll"
      ],
      "Path": "C:\\Users\\Karan\\.nuget\\packages\\microsoft.aspnetcore.signalr.client.core\\3.1.6"
    },
    {
      "Package": {
        "Id": "Microsoft.AspNetCore.SignalR.Common",
        "Version": "3.1.6"
      },
      "Assemblies": [
        "C:\\Users\\Karan\\.nuget\\packages\\microsoft.aspnetcore.signalr.common\\3.1.6\\lib\\netstandard2.0\\Microsoft.AspNetCore.SignalR.Common.dll"
      ],
      "Path": "C:\\Users\\Karan\\.nuget\\packages\\microsoft.aspnetcore.signalr.common\\3.1.6"
    },
    {
      "Package": {
        "Id": "Microsoft.AspNetCore.SignalR.Protocols.Json",
        "Version": "3.1.6"
      },
      "Assemblies": [
        "C:\\Users\\Karan\\.nuget\\packages\\microsoft.aspnetcore.signalr.protocols.json\\3.1.6\\lib\\netstandard2.0\\Microsoft.AspNetCore.SignalR.Protocols.Json.dll"
      ],
      "Path": "C:\\Users\\Karan\\.nuget\\packages\\microsoft.aspnetcore.signalr.protocols.json\\3.1.6"
    },
    {
      "Package": {
        "Id": "Microsoft.Bcl.AsyncInterfaces",
        "Version": "5.0.0"
      },
      "Assemblies": [
        "C:\\Users\\Karan\\.nuget\\packages\\microsoft.bcl.asyncinterfaces\\5.0.0\\lib\\net461\\Microsoft.Bcl.AsyncInterfaces.dll"
      ],
      "Path": "C:\\Users\\Karan\\.nuget\\packages\\microsoft.bcl.asyncinterfaces\\5.0.0"
    },
    {
      "Package": {
        "Id": "Microsoft.CSharp",
        "Version": "4.5.0"
      },
      "Assemblies": [
        "C:\\Users\\Karan\\.nuget\\packages\\microsoft.csharp\\4.5.0\\lib\\net45\\_._"
      ],
      "Path": "C:\\Users\\Karan\\.nuget\\packages\\microsoft.csharp\\4.5.0"
    },
    {
      "Package": {
        "Id": "Microsoft.Exchange.WebServices",
        "Version": "2.2.0"
      },
      "Assemblies": [
        "C:\\Users\\Karan\\.nuget\\packages\\microsoft.exchange.webservices\\2.2.0\\lib\\40\\Microsoft.Exchange.WebServices.Auth.dll",
        "C:\\Users\\Karan\\.nuget\\packages\\microsoft.exchange.webservices\\2.2.0\\lib\\40\\Microsoft.Exchange.WebServices.dll"
      ],
      "Path": "C:\\Users\\Karan\\.nuget\\packages\\microsoft.exchange.webservices\\2.2.0"
    },
    {
      "Package": {
        "Id": "Microsoft.Extensions.Configuration",
        "Version": "3.1.6"
      },
      "Assemblies": [
        "C:\\Users\\Karan\\.nuget\\packages\\microsoft.extensions.configuration\\3.1.6\\lib\\netstandard2.0\\Microsoft.Extensions.Configuration.dll"
      ],
      "Path": "C:\\Users\\Karan\\.nuget\\packages\\microsoft.extensions.configuration\\3.1.6"
    },
    {
      "Package": {
        "Id": "Microsoft.Extensions.Configuration.Abstractions",
        "Version": "3.1.6"
      },
      "Assemblies": [
        "C:\\Users\\Karan\\.nuget\\packages\\microsoft.extensions.configuration.abstractions\\3.1.6\\lib\\netstandard2.0\\Microsoft.Extensions.Configuration.Abstractions.dll"
      ],
      "Path": "C:\\Users\\Karan\\.nuget\\packages\\microsoft.extensions.configuration.abstractions\\3.1.6"
    },
    {
      "Package": {
        "Id": "Microsoft.Extensions.Configuration.Binder",
        "Version": "3.1.6"
      },
      "Assemblies": [
        "C:\\Users\\Karan\\.nuget\\packages\\microsoft.extensions.configuration.binder\\3.1.6\\lib\\netstandard2.0\\Microsoft.Extensions.Configuration.Binder.dll"
      ],
      "Path": "C:\\Users\\Karan\\.nuget\\packages\\microsoft.extensions.configuration.binder\\3.1.6"
    },
    {
      "Package": {
        "Id": "Microsoft.Extensions.DependencyInjection",
        "Version": "5.0.0"
      },
      "Assemblies": [
        "C:\\Users\\Karan\\.nuget\\packages\\microsoft.extensions.dependencyinjection\\5.0.0\\lib\\net461\\Microsoft.Extensions.DependencyInjection.dll"
      ],
      "Path": "C:\\Users\\Karan\\.nuget\\packages\\microsoft.extensions.dependencyinjection\\5.0.0"
    },
    {
      "Package": {
        "Id": "Microsoft.Extensions.DependencyInjection.Abstractions",
        "Version": "5.0.0"
      },
      "Assemblies": [
        "C:\\Users\\Karan\\.nuget\\packages\\microsoft.extensions.dependencyinjection.abstractions\\5.0.0\\lib\\net461\\Microsoft.Extensions.DependencyInjection.Abstractions.dll"
      ],
      "Path": "C:\\Users\\Karan\\.nuget\\packages\\microsoft.extensions.dependencyinjection.abstractions\\5.0.0"
    },
    {
      "Package": {
        "Id": "Microsoft.Extensions.FileSystemGlobbing",
        "Version": "5.0.0"
      },
      "Assemblies": [
        "C:\\Users\\Karan\\.nuget\\packages\\microsoft.extensions.filesystemglobbing\\5.0.0\\lib\\net461\\Microsoft.Extensions.FileSystemGlobbing.dll"
      ],
      "Path": "C:\\Users\\Karan\\.nuget\\packages\\microsoft.extensions.filesystemglobbing\\5.0.0"
    },
    {
      "Package": {
        "Id": "Microsoft.Extensions.Logging",
        "Version": "3.1.6"
      },
      "Assemblies": [
        "C:\\Users\\Karan\\.nuget\\packages\\microsoft.extensions.logging\\3.1.6\\lib\\netstandard2.0\\Microsoft.Extensions.Logging.dll"
      ],
      "Path": "C:\\Users\\Karan\\.nuget\\packages\\microsoft.extensions.logging\\3.1.6"
    },
    {
      "Package": {
        "Id": "Microsoft.Extensions.Logging.Abstractions",
        "Version": "5.0.0"
      },
      "Assemblies": [
        "C:\\Users\\Karan\\.nuget\\packages\\microsoft.extensions.logging.abstractions\\5.0.0\\lib\\net461\\Microsoft.Extensions.Logging.Abstractions.dll"
      ],
      "Path": "C:\\Users\\Karan\\.nuget\\packages\\microsoft.extensions.logging.abstractions\\5.0.0"
    },
    {
      "Package": {
        "Id": "Microsoft.Extensions.Options",
        "Version": "3.1.6"
      },
      "Assemblies": [
        "C:\\Users\\Karan\\.nuget\\packages\\microsoft.extensions.options\\3.1.6\\lib\\netstandard2.0\\Microsoft.Extensions.Options.dll"
      ],
      "Path": "C:\\Users\\Karan\\.nuget\\packages\\microsoft.extensions.options\\3.1.6"
    },
    {
      "Package": {
        "Id": "Microsoft.Extensions.Primitives",
        "Version": "3.1.6"
      },
      "Assemblies": [
        "C:\\Users\\Karan\\.nuget\\packages\\microsoft.extensions.primitives\\3.1.6\\lib\\netstandard2.0\\Microsoft.Extensions.Primitives.dll"
      ],
      "Path": "C:\\Users\\Karan\\.nuget\\packages\\microsoft.extensions.primitives\\3.1.6"
    },
    {
      "Package": {
        "Id": "Microsoft.Identity.Client",
        "Version": "4.14.0"
      },
      "Assemblies": [
        "C:\\Users\\Karan\\.nuget\\packages\\microsoft.identity.client\\4.14.0\\lib\\net45\\Microsoft.Identity.Client.dll"
      ],
      "Path": "C:\\Users\\Karan\\.nuget\\packages\\microsoft.identity.client\\4.14.0"
    },
    {
      "Package": {
        "Id": "Microsoft.Rest.ClientRuntime",
        "Version": "2.3.21"
      },
      "Assemblies": [
        "C:\\Users\\Karan\\.nuget\\packages\\microsoft.rest.clientruntime\\2.3.21\\lib\\net461\\Microsoft.Rest.ClientRuntime.dll"
      ],
      "Path": "C:\\Users\\Karan\\.nuget\\packages\\microsoft.rest.clientruntime\\2.3.21"
    },
    {
      "Package": {
        "Id": "Microsoft.VisualStudio.OLE.Interop",
        "Version": "16.7.30328.74"
      },
      "Assemblies": [
        "C:\\Users\\Karan\\.nuget\\packages\\microsoft.visualstudio.ole.interop\\16.7.30328.74\\lib\\net45\\Microsoft.VisualStudio.OLE.Interop.dll"
      ],
      "Path": "C:\\Users\\Karan\\.nuget\\packages\\microsoft.visualstudio.ole.interop\\16.7.30328.74"
    },
    {
      "Package": {
        "Id": "MimeKit",
        "Version": "2.10.0"
      },
      "Assemblies": [
        "C:\\Users\\Karan\\.nuget\\packages\\mimekit\\2.10.0\\lib\\net46\\MimeKit.dll"
      ],
      "Path": "C:\\Users\\Karan\\.nuget\\packages\\mimekit\\2.10.0"
    },
    {
      "Package": {
        "Id": "Newtonsoft.Json",
        "Version": "12.0.3"
      },
      "Assemblies": [
        "C:\\Users\\Karan\\.nuget\\packages\\newtonsoft.json\\12.0.3\\lib\\net45\\Newtonsoft.Json.dll"
      ],
      "Path": "C:\\Users\\Karan\\.nuget\\packages\\newtonsoft.json\\12.0.3"
    },
    {
      "Package": {
        "Id": "Nito.AsyncEx",
        "Version": "5.1.0"
      },
      "Assemblies": [],
      "Path": "C:\\Users\\Karan\\.nuget\\packages\\nito.asyncex\\5.1.0"
    },
    {
      "Package": {
        "Id": "Nito.AsyncEx.Context",
        "Version": "5.1.0"
      },
      "Assemblies": [
        "C:\\Users\\Karan\\.nuget\\packages\\nito.asyncex.context\\5.1.0\\lib\\netstandard2.0\\Nito.AsyncEx.Context.dll"
      ],
      "Path": "C:\\Users\\Karan\\.nuget\\packages\\nito.asyncex.context\\5.1.0"
    },
    {
      "Package": {
        "Id": "Nito.AsyncEx.Coordination",
        "Version": "5.1.0"
      },
      "Assemblies": [
        "C:\\Users\\Karan\\.nuget\\packages\\nito.asyncex.coordination\\5.1.0\\lib\\netstandard2.0\\Nito.AsyncEx.Coordination.dll"
      ],
      "Path": "C:\\Users\\Karan\\.nuget\\packages\\nito.asyncex.coordination\\5.1.0"
    },
    {
      "Package": {
        "Id": "Nito.AsyncEx.Interop.WaitHandles",
        "Version": "5.1.0"
      },
      "Assemblies": [
        "C:\\Users\\Karan\\.nuget\\packages\\nito.asyncex.interop.waithandles\\5.1.0\\lib\\netstandard2.0\\Nito.AsyncEx.Interop.WaitHandles.dll"
      ],
      "Path": "C:\\Users\\Karan\\.nuget\\packages\\nito.asyncex.interop.waithandles\\5.1.0"
    },
    {
      "Package": {
        "Id": "Nito.AsyncEx.Oop",
        "Version": "5.1.0"
      },
      "Assemblies": [
        "C:\\Users\\Karan\\.nuget\\packages\\nito.asyncex.oop\\5.1.0\\lib\\netstandard2.0\\Nito.AsyncEx.Oop.dll"
      ],
      "Path": "C:\\Users\\Karan\\.nuget\\packages\\nito.asyncex.oop\\5.1.0"
    },
    {
      "Package": {
        "Id": "Nito.AsyncEx.Tasks",
        "Version": "5.1.0"
      },
      "Assemblies": [
        "C:\\Users\\Karan\\.nuget\\packages\\nito.asyncex.tasks\\5.1.0\\lib\\netstandard2.0\\Nito.AsyncEx.Tasks.dll"
      ],
      "Path": "C:\\Users\\Karan\\.nuget\\packages\\nito.asyncex.tasks\\5.1.0"
    },
    {
      "Package": {
        "Id": "Nito.Cancellation",
        "Version": "1.1.0"
      },
      "Assemblies": [
        "C:\\Users\\Karan\\.nuget\\packages\\nito.cancellation\\1.1.0\\lib\\netstandard2.0\\Nito.Cancellation.dll"
      ],
      "Path": "C:\\Users\\Karan\\.nuget\\packages\\nito.cancellation\\1.1.0"
    },
    {
      "Package": {
        "Id": "Nito.Collections.Deque",
        "Version": "1.1.0"
      },
      "Assemblies": [
        "C:\\Users\\Karan\\.nuget\\packages\\nito.collections.deque\\1.1.0\\lib\\netstandard2.0\\Nito.Collections.Deque.dll"
      ],
      "Path": "C:\\Users\\Karan\\.nuget\\packages\\nito.collections.deque\\1.1.0"
    },
    {
      "Package": {
        "Id": "Nito.Disposables",
        "Version": "2.2.0"
      },
      "Assemblies": [
        "C:\\Users\\Karan\\.nuget\\packages\\nito.disposables\\2.2.0\\lib\\net461\\Nito.Disposables.dll"
      ],
      "Path": "C:\\Users\\Karan\\.nuget\\packages\\nito.disposables\\2.2.0"
    },
    {
      "Package": {
        "Id": "NPOI",
        "Version": "2.4.1"
      },
      "Assemblies": [
        "C:\\Users\\Karan\\.nuget\\packages\\npoi\\2.4.1\\lib\\net45\\NPOI.OOXML.dll",
        "C:\\Users\\Karan\\.nuget\\packages\\npoi\\2.4.1\\lib\\net45\\NPOI.OpenXml4Net.dll",
        "C:\\Users\\Karan\\.nuget\\packages\\npoi\\2.4.1\\lib\\net45\\NPOI.OpenXmlFormats.dll",
        "C:\\Users\\Karan\\.nuget\\packages\\npoi\\2.4.1\\lib\\net45\\NPOI.dll"
      ],
      "Path": "C:\\Users\\Karan\\.nuget\\packages\\npoi\\2.4.1"
    },
    {
      "Package": {
        "Id": "Portable.BouncyCastle",
        "Version": "1.8.8"
      },
      "Assemblies": [
        "C:\\Users\\Karan\\.nuget\\packages\\portable.bouncycastle\\1.8.8\\lib\\net40\\BouncyCastle.Crypto.dll"
      ],
      "Path": "C:\\Users\\Karan\\.nuget\\packages\\portable.bouncycastle\\1.8.8"
    },
    {
      "Package": {
        "Id": "Prism.Core",
        "Version": "7.2.0.1422"
      },
      "Assemblies": [
        "C:\\Users\\Karan\\.nuget\\packages\\prism.core\\7.2.0.1422\\lib\\net45\\Prism.dll"
      ],
      "Path": "C:\\Users\\Karan\\.nuget\\packages\\prism.core\\7.2.0.1422"
    },
    {
      "Package": {
        "Id": "Selenium.Support",
        "Version": "3.141.0"
      },
      "Assemblies": [
        "C:\\Users\\Karan\\.nuget\\packages\\selenium.support\\3.141.0\\lib\\net45\\WebDriver.Support.dll"
      ],
      "Path": "C:\\Users\\Karan\\.nuget\\packages\\selenium.support\\3.141.0"
    },
    {
      "Package": {
        "Id": "Selenium.WebDriver",
        "Version": "3.141.0"
      },
      "Assemblies": [
        "C:\\Users\\Karan\\.nuget\\packages\\selenium.webdriver\\3.141.0\\lib\\net45\\WebDriver.dll"
      ],
      "Path": "C:\\Users\\Karan\\.nuget\\packages\\selenium.webdriver\\3.141.0"
    },
    {
      "Package": {
        "Id": "SharpZipLib",
        "Version": "1.2.0"
      },
      "Assemblies": [
        "C:\\Users\\Karan\\.nuget\\packages\\sharpziplib\\1.2.0\\lib\\net45\\ICSharpCode.SharpZipLib.dll"
      ],
      "Path": "C:\\Users\\Karan\\.nuget\\packages\\sharpziplib\\1.2.0"
    },
    {
      "Package": {
        "Id": "System.Buffers",
        "Version": "4.5.1"
      },
      "Assemblies": [
        "C:\\Users\\Karan\\.nuget\\packages\\system.buffers\\4.5.1\\lib\\net461\\System.Buffers.dll"
      ],
      "Path": "C:\\Users\\Karan\\.nuget\\packages\\system.buffers\\4.5.1"
    },
    {
      "Package": {
        "Id": "System.Collections.Immutable",
        "Version": "5.0.0"
      },
      "Assemblies": [
        "C:\\Users\\Karan\\.nuget\\packages\\system.collections.immutable\\5.0.0\\lib\\net461\\System.Collections.Immutable.dll"
      ],
      "Path": "C:\\Users\\Karan\\.nuget\\packages\\system.collections.immutable\\5.0.0"
    },
    {
      "Package": {
        "Id": "System.ComponentModel.Annotations",
        "Version": "4.7.0"
      },
      "Assemblies": [
        "C:\\Users\\Karan\\.nuget\\packages\\system.componentmodel.annotations\\4.7.0\\lib\\net461\\System.ComponentModel.Annotations.dll"
      ],
      "Path": "C:\\Users\\Karan\\.nuget\\packages\\system.componentmodel.annotations\\4.7.0"
    },
    {
      "Package": {
        "Id": "System.Data.DataSetExtensions",
        "Version": "4.5.0"
      },
      "Assemblies": [
        "C:\\Users\\Karan\\.nuget\\packages\\system.data.datasetextensions\\4.5.0\\lib\\net45\\_._"
      ],
      "Path": "C:\\Users\\Karan\\.nuget\\packages\\system.data.datasetextensions\\4.5.0"
    },
    {
      "Package": {
        "Id": "System.IO.Abstractions",
        "Version": "3.0.10"
      },
      "Assemblies": [
        "C:\\Users\\Karan\\.nuget\\packages\\system.io.abstractions\\3.0.10\\lib\\net40\\System.IO.Abstractions.dll"
      ],
      "Path": "C:\\Users\\Karan\\.nuget\\packages\\system.io.abstractions\\3.0.10"
    },
    {
      "Package": {
        "Id": "System.IO.Pipelines",
        "Version": "4.7.1"
      },
      "Assemblies": [
        "C:\\Users\\Karan\\.nuget\\packages\\system.io.pipelines\\4.7.1\\lib\\netstandard2.0\\System.IO.Pipelines.dll"
      ],
      "Path": "C:\\Users\\Karan\\.nuget\\packages\\system.io.pipelines\\4.7.1"
    },
    {
      "Package": {
        "Id": "System.IO.Pipes.AccessControl",
        "Version": "5.0.0"
      },
      "Assemblies": [
        "C:\\Users\\Karan\\.nuget\\packages\\system.io.pipes.accesscontrol\\5.0.0\\lib\\net461\\System.IO.Pipes.AccessControl.dll"
      ],
      "Path": "C:\\Users\\Karan\\.nuget\\packages\\system.io.pipes.accesscontrol\\5.0.0"
    },
    {
      "Package": {
        "Id": "System.Management.Automation",
        "Version": "6.1.7601.17515"
      },
      "Assemblies": [
        "C:\\Users\\Karan\\.nuget\\packages\\system.management.automation\\6.1.7601.17515\\lib\\net45\\System.Management.Automation.dll"
      ],
      "Path": "C:\\Users\\Karan\\.nuget\\packages\\system.management.automation\\6.1.7601.17515"
    },
    {
      "Package": {
        "Id": "System.Memory",
        "Version": "4.5.4"
      },
      "Assemblies": [
        "C:\\Users\\Karan\\.nuget\\packages\\system.memory\\4.5.4\\lib\\net461\\System.Memory.dll"
      ],
      "Path": "C:\\Users\\Karan\\.nuget\\packages\\system.memory\\4.5.4"
    },
    {
      "Package": {
        "Id": "System.Numerics.Vectors",
        "Version": "4.5.0"
      },
      "Assemblies": [
        "C:\\Users\\Karan\\.nuget\\packages\\system.numerics.vectors\\4.5.0\\lib\\net46\\System.Numerics.Vectors.dll"
      ],
      "Path": "C:\\Users\\Karan\\.nuget\\packages\\system.numerics.vectors\\4.5.0"
    },
    {
      "Package": {
        "Id": "System.Reflection.DispatchProxy",
        "Version": "4.7.1"
      },
      "Assemblies": [
        "C:\\Users\\Karan\\.nuget\\packages\\system.reflection.dispatchproxy\\4.7.1\\lib\\net461\\System.Reflection.DispatchProxy.dll"
      ],
      "Path": "C:\\Users\\Karan\\.nuget\\packages\\system.reflection.dispatchproxy\\4.7.1"
    },
    {
      "Package": {
        "Id": "System.Runtime.CompilerServices.Unsafe",
        "Version": "4.7.1"
      },
      "Assemblies": [
        "C:\\Users\\Karan\\.nuget\\packages\\system.runtime.compilerservices.unsafe\\4.7.1\\lib\\net461\\System.Runtime.CompilerServices.Unsafe.dll"
      ],
      "Path": "C:\\Users\\Karan\\.nuget\\packages\\system.runtime.compilerservices.unsafe\\4.7.1"
    },
    {
      "Package": {
        "Id": "System.Security.AccessControl",
        "Version": "5.0.0"
      },
      "Assemblies": [
        "C:\\Users\\Karan\\.nuget\\packages\\system.security.accesscontrol\\5.0.0\\lib\\net461\\System.Security.AccessControl.dll"
      ],
      "Path": "C:\\Users\\Karan\\.nuget\\packages\\system.security.accesscontrol\\5.0.0"
    },
    {
      "Package": {
        "Id": "System.Security.Principal.Windows",
        "Version": "5.0.0"
      },
      "Assemblies": [
        "C:\\Users\\Karan\\.nuget\\packages\\system.security.principal.windows\\5.0.0\\lib\\net461\\System.Security.Principal.Windows.dll"
      ],
      "Path": "C:\\Users\\Karan\\.nuget\\packages\\system.security.principal.windows\\5.0.0"
    },
    {
      "Package": {
        "Id": "System.Text.Encodings.Web",
        "Version": "4.7.1"
      },
      "Assemblies": [
        "C:\\Users\\Karan\\.nuget\\packages\\system.text.encodings.web\\4.7.1\\lib\\net461\\System.Text.Encodings.Web.dll"
      ],
      "Path": "C:\\Users\\Karan\\.nuget\\packages\\system.text.encodings.web\\4.7.1"
    },
    {
      "Package": {
        "Id": "System.Text.Json",
        "Version": "4.7.2"
      },
      "Assemblies": [
        "C:\\Users\\Karan\\.nuget\\packages\\system.text.json\\4.7.2\\lib\\net461\\System.Text.Json.dll"
      ],
      "Path": "C:\\Users\\Karan\\.nuget\\packages\\system.text.json\\4.7.2"
    },
    {
      "Package": {
        "Id": "System.Threading.Channels",
        "Version": "4.7.1"
      },
      "Assemblies": [
        "C:\\Users\\Karan\\.nuget\\packages\\system.threading.channels\\4.7.1\\lib\\net461\\System.Threading.Channels.dll"
      ],
      "Path": "C:\\Users\\Karan\\.nuget\\packages\\system.threading.channels\\4.7.1"
    },
    {
      "Package": {
        "Id": "System.Threading.Tasks.Dataflow",
        "Version": "5.0.0"
      },
      "Assemblies": [
        "C:\\Users\\Karan\\.nuget\\packages\\system.threading.tasks.dataflow\\5.0.0\\lib\\net461\\System.Threading.Tasks.Dataflow.dll"
      ],
      "Path": "C:\\Users\\Karan\\.nuget\\packages\\system.threading.tasks.dataflow\\5.0.0"
    },
    {
      "Package": {
        "Id": "System.Threading.Tasks.Extensions",
        "Version": "4.5.4"
      },
      "Assemblies": [
        "C:\\Users\\Karan\\.nuget\\packages\\system.threading.tasks.extensions\\4.5.4\\lib\\net461\\System.Threading.Tasks.Extensions.dll"
      ],
      "Path": "C:\\Users\\Karan\\.nuget\\packages\\system.threading.tasks.extensions\\4.5.4"
    },
    {
      "Package": {
        "Id": "System.ValueTuple",
        "Version": "4.5.0"
      },
      "Assemblies": [
        "C:\\Users\\Karan\\.nuget\\packages\\system.valuetuple\\4.5.0\\lib\\net461\\System.ValueTuple.dll"
      ],
      "Path": "C:\\Users\\Karan\\.nuget\\packages\\system.valuetuple\\4.5.0"
    },
    {
      "Package": {
        "Id": "UiPath",
        "Version": "21.8.27.26297-preview"
      },
      "Assemblies": [
        "C:\\Users\\Karan\\.nuget\\packages\\uipath\\21.8.27.26297-preview\\lib\\net45\\System.Runtime.CompilerServices.Unsafe.dll",
        "C:\\Users\\Karan\\.nuget\\packages\\uipath\\21.8.27.26297-preview\\lib\\net45\\System.Threading.Tasks.Extensions.dll",
        "C:\\Users\\Karan\\.nuget\\packages\\uipath\\21.8.27.26297-preview\\lib\\net45\\UiPath.Interop.dll"
      ],
      "Path": "C:\\Users\\Karan\\.nuget\\packages\\uipath\\21.8.27.26297-preview"
    },
    {
      "Package": {
        "Id": "UiPath.Excel.Activities",
        "Version": "2.10.4"
      },
      "Assemblies": [
        "C:\\Users\\Karan\\.nuget\\packages\\uipath.excel.activities\\2.10.4\\lib\\net461\\UiPath.Excel.Activities.Design.dll",
        "C:\\Users\\Karan\\.nuget\\packages\\uipath.excel.activities\\2.10.4\\lib\\net461\\UiPath.Excel.Activities.Package.dll",
        "C:\\Users\\Karan\\.nuget\\packages\\uipath.excel.activities\\2.10.4\\lib\\net461\\UiPath.Excel.Activities.dll",
        "C:\\Users\\Karan\\.nuget\\packages\\uipath.excel.activities\\2.10.4\\lib\\net461\\UiPath.Excel.dll"
      ],
      "Path": "C:\\Users\\Karan\\.nuget\\packages\\uipath.excel.activities\\2.10.4"
    },
    {
      "Package": {
        "Id": "UiPath.ImageProcessing",
        "Version": "21.8.0-preview"
      },
      "Assemblies": [
        "C:\\Users\\Karan\\.nuget\\packages\\uipath.imageprocessing\\21.8.0-preview\\lib\\net461\\UiPath.ImageProcessingInterop.dll"
      ],
      "Path": "C:\\Users\\Karan\\.nuget\\packages\\uipath.imageprocessing\\21.8.0-preview"
    },
    {
      "Package": {
        "Id": "UiPath.Mail.Activities",
        "Version": "1.10.5"
      },
      "Assemblies": [
        "C:\\Users\\Karan\\.nuget\\packages\\uipath.mail.activities\\1.10.5\\lib\\net461\\UiPath.Mail.Activities.Design.dll",
        "C:\\Users\\Karan\\.nuget\\packages\\uipath.mail.activities\\1.10.5\\lib\\net461\\UiPath.Mail.Activities.Package.dll",
        "C:\\Users\\Karan\\.nuget\\packages\\uipath.mail.activities\\1.10.5\\lib\\net461\\UiPath.Mail.Activities.dll",
        "C:\\Users\\Karan\\.nuget\\packages\\uipath.mail.activities\\1.10.5\\lib\\net461\\UiPath.Mail.dll"
      ],
      "Path": "C:\\Users\\Karan\\.nuget\\packages\\uipath.mail.activities\\1.10.5"
    },
    {
      "Package": {
        "Id": "UiPath.MobileAutomation.Activities",
        "Version": "21.8.0-preview"
      },
      "Assemblies": [
        "C:\\Users\\Karan\\.nuget\\packages\\uipath.mobileautomation.activities\\21.8.0-preview\\lib\\net461\\Appium.Net.dll",
        "C:\\Users\\Karan\\.nuget\\packages\\uipath.mobileautomation.activities\\21.8.0-preview\\lib\\net461\\MapControl.WPF.dll",
        "C:\\Users\\Karan\\.nuget\\packages\\uipath.mobileautomation.activities\\21.8.0-preview\\lib\\net461\\UiPath.MobileAutomation.Activities.Design.dll",
        "C:\\Users\\Karan\\.nuget\\packages\\uipath.mobileautomation.activities\\21.8.0-preview\\lib\\net461\\UiPath.MobileAutomation.Activities.dll",
        "C:\\Users\\Karan\\.nuget\\packages\\uipath.mobileautomation.activities\\21.8.0-preview\\lib\\net461\\UiPath.MobileAutomation.Runtime.dll",
        "C:\\Users\\Karan\\.nuget\\packages\\uipath.mobileautomation.activities\\21.8.0-preview\\lib\\net461\\UiPath.MobileAutomation.dll"
      ],
      "Path": "C:\\Users\\Karan\\.nuget\\packages\\uipath.mobileautomation.activities\\21.8.0-preview"
    },
    {
      "Package": {
        "Id": "UiPath.OCR.Activities",
        "Version": "3.0.0"
      },
      "Assemblies": [
        "C:\\Users\\Karan\\.nuget\\packages\\uipath.ocr.activities\\3.0.0\\lib\\net461\\UiPath.OCR.Activities.Design.dll",
        "C:\\Users\\Karan\\.nuget\\packages\\uipath.ocr.activities\\3.0.0\\lib\\net461\\UiPath.OCR.Activities.dll",
        "C:\\Users\\Karan\\.nuget\\packages\\uipath.ocr.activities\\3.0.0\\lib\\net461\\UiPath.OCR.Core.dll"
      ],
      "Path": "C:\\Users\\Karan\\.nuget\\packages\\uipath.ocr.activities\\3.0.0"
    },
    {
      "Package": {
        "Id": "UiPath.OCR.Contracts",
        "Version": "2.9.0-preview"
      },
      "Assemblies": [
        "C:\\Users\\Karan\\.nuget\\packages\\uipath.ocr.contracts\\2.9.0-preview\\lib\\net461\\UiPath.OCR.Contracts.dll"
      ],
      "Path": "C:\\Users\\Karan\\.nuget\\packages\\uipath.ocr.contracts\\2.9.0-preview"
    },
    {
      "Package": {
        "Id": "UiPath.Platform",
        "Version": "21.8.0-preview"
      },
      "Assemblies": [
        "C:\\Users\\Karan\\.nuget\\packages\\uipath.platform\\21.8.0-preview\\lib\\net461\\UiPath.Platform.dll"
      ],
      "Path": "C:\\Users\\Karan\\.nuget\\packages\\uipath.platform\\21.8.0-preview"
    },
    {
      "Package": {
        "Id": "UiPath.System.Activities",
        "Version": "21.4.1"
      },
      "Assemblies": [
        "C:\\Users\\Karan\\.nuget\\packages\\uipath.system.activities\\21.4.1\\lib\\net461\\UiPath.OrchestratorClient.dll",
        "C:\\Users\\Karan\\.nuget\\packages\\uipath.system.activities\\21.4.1\\lib\\net461\\UiPath.System.Activities.Design.dll",
        "C:\\Users\\Karan\\.nuget\\packages\\uipath.system.activities\\21.4.1\\lib\\net461\\UiPath.System.Activities.dll"
      ],
      "Path": "C:\\Users\\Karan\\.nuget\\packages\\uipath.system.activities\\21.4.1"
    },
    {
      "Package": {
        "Id": "UiPath.Telemetry.Client",
        "Version": "1.3.18"
      },
      "Assemblies": [
        "C:\\Users\\Karan\\.nuget\\packages\\uipath.telemetry.client\\1.3.18\\lib\\net461\\TelemetryClient.dll"
      ],
      "Path": "C:\\Users\\Karan\\.nuget\\packages\\uipath.telemetry.client\\1.3.18"
    },
    {
      "Package": {
        "Id": "UiPath.UIAutomation.Activities",
        "Version": "21.4.4"
      },
      "Assemblies": [
        "C:\\Users\\Karan\\.nuget\\packages\\uipath.uiautomation.activities\\21.4.4\\lib\\net461\\UiPath.CV.Activities.Design.dll",
        "C:\\Users\\Karan\\.nuget\\packages\\uipath.uiautomation.activities\\21.4.4\\lib\\net461\\UiPath.CV.Activities.dll",
        "C:\\Users\\Karan\\.nuget\\packages\\uipath.uiautomation.activities\\21.4.4\\lib\\net461\\UiPath.CV.dll",
        "C:\\Users\\Karan\\.nuget\\packages\\uipath.uiautomation.activities\\21.4.4\\lib\\net461\\UiPath.UIAutomation.Activities.Design.dll",
        "C:\\Users\\Karan\\.nuget\\packages\\uipath.uiautomation.activities\\21.4.4\\lib\\net461\\UiPath.UIAutomation.Activities.Package.dll",
        "C:\\Users\\Karan\\.nuget\\packages\\uipath.uiautomation.activities\\21.4.4\\lib\\net461\\UiPath.UIAutomationCore.dll",
        "C:\\Users\\Karan\\.nuget\\packages\\uipath.uiautomation.activities\\21.4.4\\lib\\net461\\UiPath.UIAutomationNext.Activities.Design.dll",
        "C:\\Users\\Karan\\.nuget\\packages\\uipath.uiautomation.activities\\21.4.4\\lib\\net461\\UiPath.UIAutomationNext.Activities.dll",
        "C:\\Users\\Karan\\.nuget\\packages\\uipath.uiautomation.activities\\21.4.4\\lib\\net461\\UiPath.UIAutomationNext.dll",
        "C:\\Users\\Karan\\.nuget\\packages\\uipath.uiautomation.activities\\21.4.4\\lib\\net461\\UiPath.UiAutomation.Activities.dll",
        "C:\\Users\\Karan\\.nuget\\packages\\uipath.uiautomation.activities\\21.4.4\\lib\\net461\\UiPath.Wizards.dll"
      ],
      "Path": "C:\\Users\\Karan\\.nuget\\packages\\uipath.uiautomation.activities\\21.4.4"
    },
    {
      "Package": {
        "Id": "UiPath.Vision",
        "Version": "3.0.1"
      },
      "Assemblies": [
        "C:\\Users\\Karan\\.nuget\\packages\\uipath.vision\\3.0.1\\lib\\net461\\UiPath.Vision.AzureComputerVision.dll",
        "C:\\Users\\Karan\\.nuget\\packages\\uipath.vision\\3.0.1\\lib\\net461\\UiPath.Vision.Core.dll",
        "C:\\Users\\Karan\\.nuget\\packages\\uipath.vision\\3.0.1\\lib\\net461\\UiPath.Vision.GoogleCloud.dll",
        "C:\\Users\\Karan\\.nuget\\packages\\uipath.vision\\3.0.1\\lib\\net461\\UiPath.Vision.Microsoft.dll",
        "C:\\Users\\Karan\\.nuget\\packages\\uipath.vision\\3.0.1\\lib\\net461\\UiPath.Vision.Tesseract.dll",
        "C:\\Users\\Karan\\.nuget\\packages\\uipath.vision\\3.0.1\\lib\\net461\\UiPath.Vision.dll"
      ],
      "Path": "C:\\Users\\Karan\\.nuget\\packages\\uipath.vision\\3.0.1"
    }
  ]
}